index,seed,style,hair_hex,skin_hex,eye_hex,suit_hex,shirt_hex,opaque
1,20268844,classic,#1E5A3C,#F2C79B,#FFFFFF,#181E2C,#AAC4E2,1948
2,20276763,fringe,#5AC8FF,#CE9264,#0C0F14,#8C929E,#BCC8BE,1948
3,20284682,spiky,#3C82F0,#BA845A,#C8FF5A,#1E5C2E,#FABEC8,1950
4,20292601,spiky,#783CA0,#E8B082,#AA50F0,#243028,#C8E2F0,1950
5,20300520,side_part,#C49252,#F2C79B,#C8FF5A,#3C424E,#FFF6E8,1956
6,20308439,buzz,#FF603C,#A8704A,#1D9BF0,#2C4664,#F0C8D2,1924
7,20316358,classic,#FF82AA,#E8B082,#FF3C3C,#5C3E22,#CEEAD6,1948
8,20324277,fringe,#7A281E,#A8704A,#FF508C,#5C3E22,#FAD0B0,1948
9,20332196,buzz,#E650BE,#BA845A,#1E5ADC,#482E1A,#E2E8F0,1924
10,20340115,buzz,#28B4AA,#FCDCBA,#FF78C8,#2C4664,#FAE2C8,1924
11,20348034,long,#FF82AA,#845438,#5AC8FF,#781E22,#AAC4E2,1948
12,20355953,spiky,#A88C60,#CE9264,#F0F078,#1A3C6E,#BCC8BE,1950
13,20363872,side_part,#1E5A3C,#623C28,#FF78C8,#2E2820,#C6D6E8,1956
14,20371791,long,#96969C,#E8B082,#AA50F0,#3C2254,#FAD0B0,1948
15,20379710,side_part,#1E5A3C,#845438,#00DCDC,#A06E28,#CEEAD6,1956
16,20387629,fringe,#FF603C,#F2C79B,#AA50F0,#781E22,#FABEC8,1948
17,20395548,spiky,#6EC850,#BA845A,#FF821E,#3C2254,#E2E8F0,1950
18,20403467,long,#121014,#A8704A,#FF508C,#F3F5F8,#E8DAC4,1948
19,20411386,side_part,#28B4AA,#845438,#78FFF0,#F3F5F8,#F0C8D2,1956
20,20419305,buzz,#28B4AA,#E8B082,#DC1E5A,#101014,#F0C8D2,1924
21,20427224,long,#C83C28,#845438,#F0F078,#3C2254,#F0C8D2,1948
22,20435143,side_part,#5C3A1E,#E8B082,#C8FF5A,#482E1A,#F0C8D2,1956
23,20443062,fringe,#F06028,#623C28,#C8FF5A,#3C2254,#DED6F6,1948
24,20450981,long,#F3F5F8,#CE9264,#8C64FF,#101014,#C6D6E8,1948
25,20458900,buzz,#8250DC,#E8B082,#FF508C,#2C4664,#FAD0B0,1924
26,20466819,buzz,#F06028,#E8B082,#5AC8FF,#F3F5F8,#AAC4E2,1924
27,20474738,buzz,#8C5A2C,#623C28,#F0F078,#181E2C,#C8E2F0,1924
28,20482657,fringe,#C83C28,#E8B082,#FFFFFF,#2E2820,#AAC4E2,1948
29,20490576,fringe,#C49252,#BA845A,#FAC828,#1A3C6E,#C8E2F0,1948
30,20498495,classic,#C83C28,#FCDCBA,#8C64FF,#3C2254,#DED6F6,1948
31,20506414,fringe,#E8D2A8,#F2C79B,#5AC8FF,#781E22,#F3F5F8,1948
32,20514333,buzz,#A88C60,#A8704A,#8C64FF,#781E22,#FABEC8,1924
33,20522252,buzz,#F3F5F8,#E8B082,#3CDC78,#A06E28,#CEEAD6,1924
34,20530171,buzz,#5C3A1E,#845438,#FF3C3C,#5A6270,#CEEAD6,1924
35,20538090,side_part,#FF82AA,#E8B082,#FFFFFF,#2C4664,#FAD0B0,1956
36,20546009,long,#783CA0,#BA845A,#FF3C3C,#A06E28,#EEE6AA,1948
37,20553928,side_part,#5AC8FF,#E8B082,#FF78C8,#2C4664,#F0C8D2,1956
38,20561847,fringe,#F3F5F8,#A8704A,#FF78C8,#3C424E,#E8DAC4,1948
39,20569766,long,#783CA0,#845438,#FF78C8,#101014,#F3F5F8,1948
40,20577685,side_part,#28B4AA,#FCDCBA,#1E5ADC,#145448,#C6D6E8,1956
41,20585604,classic,#FF82AA,#A8704A,#DC1E5A,#8C929E,#C8E2F0,1948
42,20593523,classic,#783CA0,#F2C79B,#1E5ADC,#1A3C6E,#DED6F6,1948
43,20601442,long,#6EC850,#CE9264,#FF78C8,#F3F5F8,#C6D6E8,1948
44,20609361,classic,#3C424E,#FCDCBA,#1E5ADC,#181E2C,#E8DAC4,1948
45,20617280,spiky,#A88C60,#CE9264,#00DCDC,#1E5C2E,#F3F5F8,1950
46,20625199,classic,#1E5A3C,#F2C79B,#FF78C8,#8C929E,#DED6F6,1948
47,20633118,fringe,#E650BE,#A8704A,#FFB45A,#C8CCD4,#FFF6E8,1948
48,20641037,spiky,#8250DC,#F2C79B,#FF3C3C,#5A6270,#DED6F6,1950
49,20648956,spiky,#5AC8FF,#FCDCBA,#00DCDC,#3C424E,#C6D6E8,1950
50,20656875,classic,#C83C28,#FCDCBA,#3CDC78,#8C929E,#F0C8D2,1948
51,20664794,side_part,#3C82F0,#E8B082,#AA50F0,#2C4664,#CEEAD6,1956
52,20672713,buzz,#8250DC,#845438,#5AC8FF,#1E5C2E,#DED6F6,1924
53,20680632,spiky,#7A281E,#FCDCBA,#FF821E,#5C3E22,#E8DAC4,1950
54,20688551,long,#8C5A2C,#845438,#FF821E,#3C424E,#FFF6E8,1948
55,20696470,classic,#FF82AA,#A8704A,#FAC828,#2C4664,#AAC4E2,1948
56,20704389,buzz,#A88C60,#FCDCBA,#FF508C,#3C424E,#F3F5F8,1924
57,20712308,fringe,#1E5A3C,#BA845A,#FF821E,#A06E28,#FABEC8,1948
58,20720227,classic,#121014,#CE9264,#3CDC78,#F3F5F8,#EEE6AA,1948
59,20728146,classic,#7A281E,#623C28,#FF3C3C,#6E1E5A,#DED6F6,1948
60,20736065,spiky,#28B4AA,#F2C79B,#3CFFBE,#1E5C2E,#CEEAD6,1950
61,20743984,spiky,#1E5A3C,#CE9264,#0C0F14,#A06E28,#F0C8D2,1950
62,20751903,spiky,#28B4AA,#BA845A,#C8FF5A,#781E22,#FAE2C8,1950
63,20759822,long,#FAC828,#FCDCBA,#1E5ADC,#8C929E,#DED6F6,1948
64,20767741,fringe,#5AC8FF,#BA845A,#AA50F0,#101014,#E2E8F0,1948
65,20775660,fringe,#7A281E,#845438,#AA50F0,#5A6270,#FFF6E8,1948
66,20783579,fringe,#28B4AA,#A8704A,#DC1E5A,#6E1E5A,#F0C8D2,1948
67,20791498,classic,#E650BE,#F2C79B,#8C64FF,#5A6270,#FABEC8,1948
68,20799417,long,#3C424E,#BA845A,#FFFFFF,#243028,#E2E8F0,1948
69,20807336,long,#A88C60,#A8704A,#FF821E,#101014,#C6D6E8,1948
70,20815255,fringe,#A88C60,#FCDCBA,#C8FF5A,#781E22,#FFF6E8,1948
71,20823174,spiky,#241A12,#E8B082,#FFFFFF,#8C929E,#FFF6E8,1950
72,20831093,side_part,#F06028,#F2C79B,#1D9BF0,#243028,#E8DAC4,1956
73,20839012,side_part,#E650BE,#623C28,#1D9BF0,#482E1A,#FAD0B0,1956
74,20846931,long,#3C424E,#623C28,#F0F078,#101014,#F0C8D2,1948
75,20854850,classic,#A88C60,#CE9264,#FFFFFF,#101014,#C8E2F0,1948
76,20862769,spiky,#FF82AA,#623C28,#78FFF0,#1A3C6E,#EEE6AA,1950
77,20870688,long,#1E5A3C,#E8B082,#C8FF5A,#C8CCD4,#FFF6E8,1948
78,20878607,fringe,#C49252,#FCDCBA,#0C0F14,#F3F5F8,#E8DAC4,1948
79,20886526,classic,#C83C28,#A8704A,#F0F078,#6E1E5A,#FABEC8,1948
80,20894445,side_part,#121014,#F2C79B,#1E5ADC,#181E2C,#F0C8D2,1956
81,20902364,spiky,#3C82F0,#623C28,#FFFFFF,#2C4664,#FABEC8,1950
82,20910283,fringe,#8250DC,#F2C79B,#3CFFBE,#781E22,#BCC8BE,1948
83,20918202,classic,#8C5A2C,#845438,#DC1E5A,#181E2C,#E8DAC4,1948
84,20926121,long,#7A281E,#FCDCBA,#FAC828,#A06E28,#C6D6E8,1948
85,20934040,fringe,#6EC850,#FCDCBA,#FF3C3C,#8C929E,#BCC8BE,1948
86,20941959,long,#C83C28,#F2C79B,#FF78C8,#3C2254,#F3F5F8,1948
87,20949878,long,#E8D2A8,#845438,#1D9BF0,#6E1E5A,#FFF6E8,1948
88,20957797,spiky,#783CA0,#CE9264,#FF78C8,#C8AA3C,#FAD0B0,1950
89,20965716,classic,#8C5A2C,#E8B082,#FF508C,#181E2C,#BCC8BE,1948
90,20973635,long,#8250DC,#E8B082,#FF508C,#3C2254,#F0C8D2,1948
91,20981554,side_part,#783CA0,#845438,#C8FF5A,#3C424E,#E2E8F0,1956
92,20989473,classic,#3C424E,#FCDCBA,#C8FF5A,#A06E28,#AAC4E2,1948
93,20997392,spiky,#121014,#BA845A,#00DCDC,#3C424E,#AAC4E2,1950
94,21005311,spiky,#FAC828,#845438,#78FFF0,#A06E28,#F0C8D2,1950
95,21013230,side_part,#E650BE,#BA845A,#3CFFBE,#781E22,#BCC8BE,1956
96,21021149,classic,#6EC850,#A8704A,#FAC828,#A06E28,#DED6F6,1948
97,21029068,fringe,#5C3A1E,#BA845A,#FF821E,#F3F5F8,#F0C8D2,1948
98,21036987,buzz,#FF82AA,#A8704A,#DC1E5A,#2C4664,#C8E2F0,1924
99,21044906,buzz,#C83C28,#CE9264,#FF78C8,#3C2254,#C8E2F0,1924
100,21052825,fringe,#1E5A3C,#623C28,#FF508C,#482E1A,#F3F5F8,1948
101,21060744,buzz,#C83C28,#BA845A,#1D9BF0,#2C4664,#F0C8D2,1924
102,21068663,long,#8C5A2C,#BA845A,#C8FF5A,#3C2254,#FAD0B0,1948
103,21076582,long,#241A12,#E8B082,#3CDC78,#F3F5F8,#E8DAC4,1948
104,21084501,buzz,#7A281E,#A8704A,#8C64FF,#A06E28,#C8E2F0,1924
105,21092420,long,#121014,#845438,#C8FF5A,#8C929E,#FAE2C8,1948
106,21100339,buzz,#3C424E,#623C28,#00DCDC,#3C424E,#F0C8D2,1924
107,21108258,side_part,#121014,#CE9264,#DC1E5A,#482E1A,#E8DAC4,1956
108,21116177,spiky,#F3F5F8,#FCDCBA,#1D9BF0,#101014,#C6D6E8,1950
109,21124096,spiky,#FF82AA,#F2C79B,#00DCDC,#2C4664,#F3F5F8,1950
110,21132015,fringe,#E650BE,#623C28,#1E5ADC,#3C424E,#C6D6E8,1948
111,21139934,long,#8C5A2C,#BA845A,#0C0F14,#482E1A,#C6D6E8,1948
112,21147853,side_part,#121014,#E8B082,#C8FF5A,#2E2820,#DED6F6,1956
113,21155772,spiky,#FF603C,#623C28,#FFB45A,#781E22,#C8E2F0,1950
114,21163691,side_part,#3C424E,#A8704A,#1D9BF0,#5C3E22,#C6D6E8,1956
115,21171610,fringe,#C49252,#A8704A,#FFFFFF,#C8AA3C,#C8E2F0,1948
116,21179529,classic,#783CA0,#A8704A,#78FFF0,#2E2820,#E8DAC4,1948
117,21187448,buzz,#1E5A3C,#F2C79B,#00DCDC,#8C929E,#DED6F6,1924
118,21195367,buzz,#3C424E,#E8B082,#8C64FF,#482E1A,#FABEC8,1924
119,21203286,spiky,#96969C,#E8B082,#1E5ADC,#5C3E22,#AAC4E2,1950
120,21211205,side_part,#96969C,#623C28,#5AC8FF,#5C3E22,#CEEAD6,1956
121,21219124,spiky,#E650BE,#E8B082,#0C0F14,#1E5C2E,#F3F5F8,1950
122,21227043,buzz,#1E5A3C,#E8B082,#0C0F14,#A06E28,#C6D6E8,1924
123,21234962,spiky,#783CA0,#FCDCBA,#FAC828,#8C929E,#CEEAD6,1950
124,21242881,buzz,#FF82AA,#A8704A,#5AC8FF,#5C3E22,#FAD0B0,1924
125,21250800,classic,#A88C60,#F2C79B,#C8FF5A,#A06E28,#FAE2C8,1948
126,21258719,buzz,#A88C60,#FCDCBA,#FFB45A,#A06E28,#FABEC8,1924
127,21266638,buzz,#E8D2A8,#E8B082,#DC1E5A,#1E5C2E,#C8E2F0,1924
128,21274557,spiky,#C83C28,#E8B082,#C8FF5A,#145448,#C6D6E8,1950
129,21282476,spiky,#5AC8FF,#E8B082,#1E5ADC,#482E1A,#EEE6AA,1950
130,21290395,spiky,#5AC8FF,#A8704A,#FF78C8,#243028,#FFF6E8,1950
131,21298314,long,#783CA0,#E8B082,#3CFFBE,#3C424E,#FAD0B0,1948
132,21306233,long,#121014,#CE9264,#78FFF0,#243028,#DED6F6,1948
133,21314152,classic,#6EC850,#CE9264,#C8FF5A,#3C424E,#BCC8BE,1948
134,21322071,side_part,#A88C60,#CE9264,#78FFF0,#5A6270,#FAD0B0,1956
135,21329990,long,#8250DC,#F2C79B,#3CDC78,#243028,#E2E8F0,1948
136,21337909,long,#FAC828,#CE9264,#FF508C,#3C424E,#DED6F6,1948
137,21345828,classic,#241A12,#845438,#3CDC78,#781E22,#FFF6E8,1948
138,21353747,long,#F06028,#A8704A,#C8FF5A,#101014,#F3F5F8,1948
139,21361666,classic,#5AC8FF,#F2C79B,#FF78C8,#145448,#AAC4E2,1948
140,21369585,buzz,#783CA0,#A8704A,#78FFF0,#C8AA3C,#FFF6E8,1924
141,21377504,spiky,#A88C60,#845438,#8C64FF,#181E2C,#CEEAD6,1950
142,21385423,side_part,#5C3A1E,#E8B082,#1E5ADC,#5A6270,#C8E2F0,1956
143,21393342,side_part,#A88C60,#FCDCBA,#FF821E,#101014,#C6D6E8,1956
144,21401261,spiky,#FF82AA,#845438,#FF821E,#A06E28,#F3F5F8,1950
145,21409180,classic,#241A12,#BA845A,#5AC8FF,#C8AA3C,#FFF6E8,1948
146,21417099,spiky,#7A281E,#FCDCBA,#00DCDC,#181E2C,#CEEAD6,1950
147,21425018,side_part,#C83C28,#A8704A,#C8FF5A,#3C2254,#FAE2C8,1956
148,21432937,long,#5AC8FF,#845438,#3CDC78,#145448,#FABEC8,1948
149,21440856,buzz,#A88C60,#CE9264,#5AC8FF,#1A3C6E,#FAD0B0,1924
150,21448775,spiky,#28B4AA,#FCDCBA,#C8FF5A,#2C4664,#CEEAD6,1950
151,21456694,buzz,#241A12,#A8704A,#FF3C3C,#6E1E5A,#E2E8F0,1924
152,21464613,buzz,#5C3A1E,#BA845A,#FAC828,#482E1A,#AAC4E2,1924
153,21472532,spiky,#A88C60,#F2C79B,#0C0F14,#2C4664,#CEEAD6,1950
154,21480451,fringe,#783CA0,#A8704A,#FF78C8,#2E2820,#FAE2C8,1948
155,21488370,classic,#1E5A3C,#845438,#FAC828,#1E5C2E,#DED6F6,1948
156,21496289,long,#8250DC,#CE9264,#FF3C3C,#5C3E22,#C8E2F0,1948
157,21504208,side_part,#241A12,#A8704A,#FAC828,#A06E28,#CEEAD6,1956
158,21512127,buzz,#FAC828,#F2C79B,#FF78C8,#482E1A,#FAD0B0,1924
159,21520046,classic,#5AC8FF,#BA845A,#00DCDC,#2C4664,#FFF6E8,1948
160,21527965,fringe,#F3F5F8,#FCDCBA,#8C64FF,#A06E28,#FFF6E8,1948
161,21535884,fringe,#8250DC,#845438,#FFFFFF,#8C929E,#BCC8BE,1948
162,21543803,classic,#A88C60,#E8B082,#78FFF0,#2C4664,#EEE6AA,1948
163,21551722,fringe,#783CA0,#CE9264,#78FFF0,#181E2C,#C6D6E8,1948
164,21559641,long,#C49252,#A8704A,#0C0F14,#1E5C2E,#FAD0B0,1948
165,21567560,long,#FF82AA,#CE9264,#1D9BF0,#3C2254,#FAD0B0,1948
166,21575479,classic,#F06028,#FCDCBA,#1E5ADC,#8C929E,#FABEC8,1948
167,21583398,long,#F06028,#FCDCBA,#1E5ADC,#C8AA3C,#CEEAD6,1948
168,21591317,side_part,#7A281E,#845438,#0C0F14,#1A3C6E,#E2E8F0,1956
169,21599236,classic,#241A12,#F2C79B,#3CFFBE,#101014,#EEE6AA,1948
170,21607155,spiky,#C49252,#A8704A,#AA50F0,#243028,#FAE2C8,1950
171,21615074,buzz,#FAC828,#E8B082,#C8FF5A,#181E2C,#BCC8BE,1924
172,21622993,side_part,#FF603C,#CE9264,#FAC828,#145448,#EEE6AA,1956
173,21630912,spiky,#241A12,#BA845A,#78FFF0,#2C4664,#DED6F6,1950
174,21638831,long,#241A12,#A8704A,#FFFFFF,#3C424E,#F0C8D2,1948
175,21646750,classic,#5C3A1E,#A8704A,#F0F078,#482E1A,#FABEC8,1948
176,21654669,long,#6EC850,#A8704A,#C8FF5A,#2C4664,#F3F5F8,1948
177,21662588,classic,#96969C,#BA845A,#00DCDC,#C8AA3C,#DED6F6,1948
178,21670507,side_part,#3C82F0,#CE9264,#FF508C,#F3F5F8,#EEE6AA,1956
179,21678426,classic,#5AC8FF,#BA845A,#FFFFFF,#181E2C,#DED6F6,1948
180,21686345,spiky,#A88C60,#BA845A,#3CDC78,#C8AA3C,#C6D6E8,1950
181,21694264,buzz,#5C3A1E,#845438,#FFB45A,#3C424E,#DED6F6,1924
182,21702183,classic,#F06028,#F2C79B,#FF78C8,#482E1A,#BCC8BE,1948
183,21710102,classic,#FF82AA,#FCDCBA,#1E5ADC,#3C2254,#DED6F6,1948
184,21718021,long,#E8D2A8,#E8B082,#0C0F14,#8C929E,#F3F5F8,1948
185,21725940,buzz,#F3F5F8,#FCDCBA,#5AC8FF,#5C3E22,#FABEC8,1924
186,21733859,side_part,#FF82AA,#A8704A,#5AC8FF,#3C2254,#CEEAD6,1956
187,21741778,classic,#FAC828,#845438,#0C0F14,#5C3E22,#E8DAC4,1948
188,21749697,buzz,#7A281E,#F2C79B,#FAC828,#243028,#C8E2F0,1924
189,21757616,buzz,#121014,#845438,#FF3C3C,#8C929E,#CEEAD6,1924
190,21765535,fringe,#783CA0,#A8704A,#3CFFBE,#3C2254,#FFF6E8,1948
191,21773454,side_part,#3C82F0,#F2C79B,#C8FF5A,#A06E28,#AAC4E2,1956
192,21781373,fringe,#5C3A1E,#CE9264,#FFFFFF,#3C424E,#FFF6E8,1948
193,21789292,spiky,#F06028,#623C28,#FFB45A,#2E2820,#F3F5F8,1950
194,21797211,classic,#3C82F0,#A8704A,#FAC828,#1E5C2E,#FABEC8,1948
195,21805130,spiky,#E650BE,#845438,#5AC8FF,#6E1E5A,#F0C8D2,1950
196,21813049,long,#8250DC,#A8704A,#C8FF5A,#6E1E5A,#EEE6AA,1948
197,21820968,classic,#E650BE,#623C28,#78FFF0,#482E1A,#AAC4E2,1948
198,21828887,buzz,#FF603C,#845438,#F0F078,#482E1A,#FABEC8,1924
199,21836806,classic,#8C5A2C,#623C28,#AA50F0,#243028,#FAE2C8,1948
200,21844725,buzz,#C49252,#FCDCBA,#3CDC78,#C8AA3C,#FFF6E8,1924
201,21852644,side_part,#E8D2A8,#A8704A,#1D9BF0,#2E2820,#FAE2C8,1956
202,21860563,fringe,#8C5A2C,#F2C79B,#1D9BF0,#1A3C6E,#F3F5F8,1948
203,21868482,buzz,#8250DC,#FCDCBA,#FF78C8,#2E2820,#E2E8F0,1924
204,21876401,spiky,#8C5A2C,#A8704A,#3CDC78,#3C424E,#FAD0B0,1950
205,21884320,side_part,#783CA0,#FCDCBA,#C8FF5A,#1E5C2E,#F3F5F8,1956
206,21892239,buzz,#FF82AA,#CE9264,#3CFFBE,#243028,#E2E8F0,1924
207,21900158,classic,#5AC8FF,#CE9264,#AA50F0,#6E1E5A,#F0C8D2,1948
208,21908077,long,#3C424E,#623C28,#DC1E5A,#3C2254,#BCC8BE,1948
209,21915996,side_part,#FF603C,#FCDCBA,#1E5ADC,#3C2254,#CEEAD6,1956
210,21923915,classic,#96969C,#BA845A,#5AC8FF,#A06E28,#FAE2C8,1948
211,21931834,side_part,#6EC850,#845438,#AA50F0,#101014,#E2E8F0,1956
212,21939753,long,#1E5A3C,#845438,#5AC8FF,#243028,#AAC4E2,1948
213,21947672,fringe,#8C5A2C,#845438,#FFB45A,#C8AA3C,#DED6F6,1948
214,21955591,side_part,#F06028,#FCDCBA,#1D9BF0,#243028,#F3F5F8,1956
215,21963510,side_part,#5AC8FF,#A8704A,#C8FF5A,#3C424E,#FABEC8,1956
216,21971429,classic,#5AC8FF,#BA845A,#FAC828,#5A6270,#FAD0B0,1948
217,21979348,side_part,#7A281E,#FCDCBA,#FF3C3C,#A06E28,#E8DAC4,1956
218,21987267,fringe,#6EC850,#F2C79B,#3CFFBE,#1A3C6E,#BCC8BE,1948
219,21995186,spiky,#241A12,#A8704A,#C8FF5A,#145448,#FFF6E8,1950
220,22003105,buzz,#121014,#E8B082,#DC1E5A,#1A3C6E,#C8E2F0,1924
221,22011024,fringe,#FAC828,#845438,#00DCDC,#3C2254,#C6D6E8,1948
222,22018943,classic,#96969C,#E8B082,#3CDC78,#2C4664,#F3F5F8,1948
223,22026862,side_part,#FF82AA,#CE9264,#5AC8FF,#145448,#BCC8BE,1956
224,22034781,long,#121014,#F2C79B,#1D9BF0,#101014,#E8DAC4,1948
225,22042700,long,#C83C28,#BA845A,#FAC828,#101014,#FABEC8,1948
226,22050619,spiky,#8250DC,#A8704A,#3CDC78,#5C3E22,#BCC8BE,1950
227,22058538,buzz,#8250DC,#F2C79B,#5AC8FF,#101014,#E8DAC4,1924
228,22066457,long,#C49252,#845438,#FAC828,#2E2820,#FABEC8,1948
229,22074376,long,#FF603C,#845438,#5AC8FF,#145448,#EEE6AA,1948
230,22082295,fringe,#7A281E,#BA845A,#FFFFFF,#A06E28,#AAC4E2,1948
231,22090214,side_part,#96969C,#BA845A,#1D9BF0,#145448,#BCC8BE,1956
232,22098133,side_part,#96969C,#F2C79B,#78FFF0,#243028,#E2E8F0,1956
233,22106052,side_part,#F06028,#A8704A,#1D9BF0,#5C3E22,#C8E2F0,1956
234,22113971,buzz,#FF603C,#CE9264,#FF508C,#C8AA3C,#DED6F6,1924
235,22121890,side_part,#6EC850,#FCDCBA,#DC1E5A,#243028,#E2E8F0,1956
236,22129809,side_part,#1E5A3C,#845438,#C8FF5A,#3C2254,#FABEC8,1956
237,22137728,long,#FF603C,#845438,#F0F078,#2C4664,#CEEAD6,1948
238,22145647,buzz,#FAC828,#E8B082,#3CFFBE,#1A3C6E,#FAE2C8,1924
239,22153566,long,#A88C60,#FCDCBA,#AA50F0,#1E5C2E,#EEE6AA,1948
240,22161485,classic,#A88C60,#F2C79B,#FF3C3C,#6E1E5A,#F0C8D2,1948
241,22169404,fringe,#FAC828,#623C28,#DC1E5A,#145448,#BCC8BE,1948
242,22177323,long,#5AC8FF,#E8B082,#DC1E5A,#A06E28,#FFF6E8,1948
243,22185242,fringe,#3C82F0,#F2C79B,#FAC828,#781E22,#BCC8BE,1948
244,22193161,buzz,#8C5A2C,#F2C79B,#FF78C8,#3C2254,#BCC8BE,1924
245,22201080,side_part,#FF603C,#BA845A,#3CDC78,#2C4664,#CEEAD6,1956
246,22208999,side_part,#FF82AA,#CE9264,#8C64FF,#482E1A,#DED6F6,1956
247,22216918,side_part,#28B4AA,#CE9264,#FF3C3C,#2C4664,#FAD0B0,1956
248,22224837,fringe,#783CA0,#623C28,#FF508C,#A06E28,#FFF6E8,1948
249,22232756,fringe,#6EC850,#BA845A,#FF78C8,#145448,#F3F5F8,1948
250,22240675,classic,#6EC850,#CE9264,#1D9BF0,#A06E28,#FFF6E8,1948
251,22248594,buzz,#5AC8FF,#A8704A,#8C64FF,#1A3C6E,#C6D6E8,1924
252,22256513,classic,#C49252,#F2C79B,#FFFFFF,#181E2C,#F3F5F8,1948
253,22264432,long,#FF82AA,#CE9264,#DC1E5A,#8C929E,#FAD0B0,1948
254,22272351,side_part,#6EC850,#FCDCBA,#5AC8FF,#5A6270,#C8E2F0,1956
255,22280270,side_part,#96969C,#845438,#1D9BF0,#781E22,#CEEAD6,1956
256,22288189,long,#C83C28,#845438,#FFFFFF,#2E2820,#F0C8D2,1948
257,22296108,buzz,#28B4AA,#CE9264,#78FFF0,#8C929E,#F0C8D2,1924
258,22304027,fringe,#F06028,#845438,#5AC8FF,#A06E28,#BCC8BE,1948
259,22311946,classic,#241A12,#623C28,#C8FF5A,#181E2C,#DED6F6,1948
260,22319865,buzz,#28B4AA,#CE9264,#FAC828,#145448,#FAE2C8,1924
261,22327784,fringe,#F06028,#623C28,#DC1E5A,#482E1A,#F0C8D2,1948
262,22335703,spiky,#7A281E,#FCDCBA,#FF821E,#3C2254,#FFF6E8,1950
263,22343622,side_part,#FF603C,#E8B082,#FF78C8,#1E5C2E,#AAC4E2,1956
264,22351541,side_part,#FF82AA,#845438,#FF821E,#3C2254,#E2E8F0,1956
265,22359460,side_part,#E8D2A8,#F2C79B,#1D9BF0,#482E1A,#FABEC8,1956
266,22367379,side_part,#C83C28,#BA845A,#00DCDC,#243028,#DED6F6,1956
267,22375298,spiky,#121014,#E8B082,#C8FF5A,#5A6270,#F0C8D2,1950
268,22383217,side_part,#F06028,#CE9264,#FF78C8,#3C2254,#C6D6E8,1956
269,22391136,fringe,#E8D2A8,#BA845A,#AA50F0,#2C4664,#EEE6AA,1948
270,22399055,spiky,#F06028,#623C28,#00DCDC,#482E1A,#DED6F6,1950
271,22406974,long,#FF603C,#623C28,#1D9BF0,#C8AA3C,#FAD0B0,1948
272,22414893,long,#5AC8FF,#BA845A,#AA50F0,#2C4664,#FFF6E8,1948
273,22422812,fringe,#241A12,#A8704A,#DC1E5A,#145448,#DED6F6,1948
274,22430731,side_part,#241A12,#623C28,#AA50F0,#243028,#FABEC8,1956
275,22438650,classic,#FF82AA,#A8704A,#3CFFBE,#2C4664,#EEE6AA,1948
276,22446569,fringe,#3C424E,#BA845A,#AA50F0,#101014,#E2E8F0,1948
277,22454488,fringe,#C83C28,#BA845A,#5AC8FF,#2E2820,#EEE6AA,1948
278,22462407,fringe,#A88C60,#BA845A,#1E5ADC,#482E1A,#E2E8F0,1948
279,22470326,spiky,#1E5A3C,#E8B082,#78FFF0,#1E5C2E,#C8E2F0,1950
280,22478245,spiky,#F3F5F8,#BA845A,#FF821E,#C8CCD4,#EEE6AA,1950
281,22486164,long,#FF603C,#845438,#00DCDC,#F3F5F8,#FABEC8,1948
282,22494083,long,#28B4AA,#CE9264,#F0F078,#482E1A,#FABEC8,1948
283,22502002,spiky,#783CA0,#E8B082,#C8FF5A,#1A3C6E,#DED6F6,1950
284,22509921,spiky,#C49252,#F2C79B,#5AC8FF,#C8AA3C,#CEEAD6,1950
285,22517840,classic,#FAC828,#BA845A,#0C0F14,#5A6270,#CEEAD6,1948
286,22525759,buzz,#1E5A3C,#A8704A,#00DCDC,#6E1E5A,#FFF6E8,1924
287,22533678,long,#3C82F0,#E8B082,#FF78C8,#1E5C2E,#BCC8BE,1948
288,22541597,classic,#5C3A1E,#F2C79B,#FF78C8,#145448,#E2E8F0,1948
289,22549516,fringe,#E8D2A8,#BA845A,#0C0F14,#1A3C6E,#EEE6AA,1948
290,22557435,spiky,#FF82AA,#623C28,#78FFF0,#482E1A,#C6D6E8,1950
291,22565354,long,#241A12,#E8B082,#5AC8FF,#A06E28,#E2E8F0,1948
292,22573273,long,#5C3A1E,#E8B082,#C8FF5A,#1A3C6E,#BCC8BE,1948
293,22581192,fringe,#FF82AA,#A8704A,#FFFFFF,#781E22,#F0C8D2,1948
294,22589111,side_part,#121014,#F2C79B,#00DCDC,#781E22,#F0C8D2,1956
295,22597030,fringe,#FAC828,#CE9264,#C8FF5A,#145448,#E8DAC4,1948
296,22604949,buzz,#3C424E,#FCDCBA,#FF508C,#8C929E,#EEE6AA,1924
297,22612868,long,#FF603C,#F2C79B,#1D9BF0,#A06E28,#E8DAC4,1948
298,22620787,buzz,#3C82F0,#A8704A,#C8FF5A,#101014,#F0C8D2,1924
299,22628706,spiky,#121014,#FCDCBA,#3CFFBE,#A06E28,#C6D6E8,1950
300,22636625,side_part,#96969C,#A8704A,#00DCDC,#5C3E22,#F3F5F8,1956
301,22644544,buzz,#3C82F0,#E8B082,#00DCDC,#A06E28,#DED6F6,1924
302,22652463,fringe,#121014,#BA845A,#1E5ADC,#181E2C,#F0C8D2,1948
303,22660382,spiky,#FF603C,#FCDCBA,#3CFFBE,#5A6270,#BCC8BE,1950
304,22668301,spiky,#1E5A3C,#CE9264,#FF78C8,#2E2820,#FABEC8,1950
305,22676220,long,#F06028,#E8B082,#3CFFBE,#2E2820,#C8E2F0,1948
306,22684139,side_part,#6EC850,#F2C79B,#3CFFBE,#101014,#FAD0B0,1956
307,22692058,buzz,#6EC850,#FCDCBA,#FF821E,#482E1A,#CEEAD6,1924
308,22699977,spiky,#783CA0,#CE9264,#FFFFFF,#1A3C6E,#CEEAD6,1950
309,22707896,buzz,#6EC850,#CE9264,#FAC828,#101014,#BCC8BE,1924
310,22715815,long,#FF603C,#F2C79B,#1E5ADC,#2C4664,#F0C8D2,1948
311,22723734,classic,#E8D2A8,#E8B082,#1E5ADC,#101014,#BCC8BE,1948
312,22731653,buzz,#783CA0,#A8704A,#8C64FF,#482E1A,#C6D6E8,1924
313,22739572,classic,#783CA0,#623C28,#5AC8FF,#6E1E5A,#DED6F6,1948
314,22747491,spiky,#241A12,#845438,#FF508C,#5C3E22,#E2E8F0,1950
315,22755410,long,#121014,#CE9264,#5AC8FF,#3C424E,#CEEAD6,1948
316,22763329,fringe,#C49252,#BA845A,#1E5ADC,#2E2820,#E2E8F0,1948
317,22771248,buzz,#783CA0,#845438,#C8FF5A,#C8CCD4,#EEE6AA,1924
318,22779167,classic,#C83C28,#845438,#FF508C,#5C3E22,#F0C8D2,1948
319,22787086,fringe,#3C82F0,#BA845A,#FF508C,#781E22,#AAC4E2,1948
320,22795005,fringe,#C49252,#F2C79B,#FAC828,#3C2254,#DED6F6,1948
321,22802924,fringe,#7A281E,#623C28,#3CDC78,#A06E28,#F3F5F8,1948
322,22810843,fringe,#7A281E,#623C28,#FFFFFF,#145448,#DED6F6,1948
323,22818762,side_part,#121014,#CE9264,#AA50F0,#1E5C2E,#F0C8D2,1956
324,22826681,fringe,#3C424E,#623C28,#AA50F0,#8C929E,#E2E8F0,1948
325,22834600,fringe,#1E5A3C,#F2C79B,#1E5ADC,#482E1A,#CEEAD6,1948
326,22842519,spiky,#7A281E,#623C28,#00DCDC,#2C4664,#FABEC8,1950
327,22850438,spiky,#5AC8FF,#FCDCBA,#3CFFBE,#781E22,#BCC8BE,1950
328,22858357,side_part,#783CA0,#F2C79B,#3CDC78,#F3F5F8,#EEE6AA,1956
329,22866276,long,#28B4AA,#CE9264,#C8FF5A,#2C4664,#E8DAC4,1948
330,22874195,long,#3C424E,#A8704A,#8C64FF,#1A3C6E,#FABEC8,1948
331,22882114,side_part,#6EC850,#E8B082,#FF3C3C,#1E5C2E,#F0C8D2,1956
332,22890033,classic,#C49252,#CE9264,#FF78C8,#3C424E,#FAE2C8,1948
333,22897952,classic,#3C82F0,#623C28,#0C0F14,#482E1A,#E2E8F0,1948
334,22905871,spiky,#5AC8FF,#F2C79B,#FFFFFF,#C8CCD4,#F3F5F8,1950
335,22913790,side_part,#E8D2A8,#F2C79B,#C8FF5A,#1A3C6E,#E8DAC4,1956
336,22921709,classic,#F3F5F8,#845438,#78FFF0,#482E1A,#E8DAC4,1948
337,22929628,classic,#FAC828,#FCDCBA,#3CDC78,#3C424E,#C6D6E8,1948
338,22937547,fringe,#F3F5F8,#623C28,#FF78C8,#C8CCD4,#F3F5F8,1948
339,22945466,long,#5C3A1E,#BA845A,#DC1E5A,#3C2254,#DED6F6,1948
340,22953385,spiky,#FAC828,#623C28,#FFFFFF,#3C424E,#FAE2C8,1950
341,22961304,buzz,#3C82F0,#FCDCBA,#FF508C,#781E22,#F3F5F8,1924
342,22969223,fringe,#FF603C,#F2C79B,#DC1E5A,#3C2254,#F3F5F8,1948
343,22977142,long,#C83C28,#CE9264,#C8FF5A,#181E2C,#FAD0B0,1948
344,22985061,fringe,#3C82F0,#845438,#FAC828,#243028,#EEE6AA,1948
345,22992980,side_part,#FAC828,#FCDCBA,#FF3C3C,#3C2254,#FAD0B0,1956
346,23000899,fringe,#1E5A3C,#A8704A,#C8FF5A,#1A3C6E,#C6D6E8,1948
347,23008818,side_part,#E650BE,#FCDCBA,#FF821E,#8C929E,#E2E8F0,1956
348,23016737,fringe,#8250DC,#E8B082,#C8FF5A,#8C929E,#F3F5F8,1948
349,23024656,buzz,#E8D2A8,#845438,#1E5ADC,#1E5C2E,#E2E8F0,1924
350,23032575,spiky,#3C424E,#CE9264,#3CDC78,#5C3E22,#F3F5F8,1950
351,23040494,spiky,#C49252,#BA845A,#C8FF5A,#3C424E,#CEEAD6,1950
352,23048413,buzz,#121014,#E8B082,#FAC828,#5C3E22,#FFF6E8,1924
353,23056332,side_part,#C49252,#BA845A,#8C64FF,#C8AA3C,#AAC4E2,1956
354,23064251,fringe,#96969C,#623C28,#78FFF0,#1E5C2E,#C8E2F0,1948
355,23072170,spiky,#E8D2A8,#623C28,#00DCDC,#145448,#FAE2C8,1950
356,23080089,fringe,#6EC850,#A8704A,#5AC8FF,#145448,#BCC8BE,1948
357,23088008,long,#C83C28,#623C28,#8C64FF,#5A6270,#FAD0B0,1948
358,23095927,fringe,#A88C60,#623C28,#00DCDC,#C8CCD4,#EEE6AA,1948
359,23103846,side_part,#3C424E,#CE9264,#00DCDC,#243028,#E8DAC4,1956
360,23111765,classic,#96969C,#BA845A,#3CDC78,#A06E28,#C6D6E8,1948
361,23119684,side_part,#3C424E,#A8704A,#8C64FF,#482E1A,#C6D6E8,1956
362,23127603,long,#241A12,#CE9264,#8C64FF,#3C424E,#FABEC8,1948
363,23135522,fringe,#FAC828,#CE9264,#FF3C3C,#C8AA3C,#EEE6AA,1948
364,23143441,classic,#C83C28,#CE9264,#8C64FF,#C8AA3C,#E8DAC4,1948
365,23151360,classic,#783CA0,#845438,#1E5ADC,#6E1E5A,#FFF6E8,1948
366,23159279,classic,#3C82F0,#CE9264,#FFFFFF,#2C4664,#FABEC8,1948
367,23167198,classic,#241A12,#CE9264,#AA50F0,#1E5C2E,#F3F5F8,1948
368,23175117,classic,#A88C60,#623C28,#5AC8FF,#C8AA3C,#C6D6E8,1948
369,23183036,long,#28B4AA,#845438,#FFB45A,#C8AA3C,#FFF6E8,1948
370,23190955,classic,#121014,#845438,#C8FF5A,#145448,#FAE2C8,1948
371,23198874,long,#FF603C,#BA845A,#00DCDC,#5A6270,#FAE2C8,1948
372,23206793,fringe,#96969C,#BA845A,#0C0F14,#2C4664,#E2E8F0,1948
373,23214712,fringe,#FAC828,#A8704A,#C8FF5A,#C8CCD4,#FFF6E8,1948
374,23222631,classic,#F3F5F8,#F2C79B,#AA50F0,#145448,#C8E2F0,1948
375,23230550,side_part,#1E5A3C,#F2C79B,#FF821E,#C8AA3C,#EEE6AA,1956
376,23238469,long,#A88C60,#BA845A,#C8FF5A,#C8AA3C,#E2E8F0,1948
377,23246388,classic,#FAC828,#F2C79B,#5AC8FF,#C8AA3C,#C8E2F0,1948
378,23254307,classic,#5C3A1E,#BA845A,#FF3C3C,#145448,#AAC4E2,1948
379,23262226,spiky,#FAC828,#CE9264,#FF78C8,#145448,#FABEC8,1950
380,23270145,classic,#8C5A2C,#845438,#FF508C,#1E5C2E,#F0C8D2,1948
381,23278064,spiky,#783CA0,#A8704A,#1D9BF0,#781E22,#E8DAC4,1950
382,23285983,buzz,#1E5A3C,#F2C79B,#3CDC78,#5A6270,#BCC8BE,1924
383,23293902,long,#F3F5F8,#E8B082,#1D9BF0,#8C929E,#DED6F6,1948
384,23301821,fringe,#C83C28,#BA845A,#C8FF5A,#2C4664,#BCC8BE,1948
385,23309740,long,#28B4AA,#845438,#F0F078,#F3F5F8,#C6D6E8,1948
386,23317659,side_part,#F3F5F8,#BA845A,#C8FF5A,#C8AA3C,#F0C8D2,1956
387,23325578,spiky,#C83C28,#623C28,#FF508C,#5A6270,#F0C8D2,1950
388,23333497,spiky,#FF82AA,#A8704A,#5AC8FF,#101014,#CEEAD6,1950
389,23341416,buzz,#7A281E,#BA845A,#5AC8FF,#482E1A,#F0C8D2,1924
390,23349335,fringe,#F3F5F8,#A8704A,#FF3C3C,#482E1A,#DED6F6,1948
391,23357254,spiky,#5C3A1E,#CE9264,#C8FF5A,#A06E28,#DED6F6,1950
392,23365173,side_part,#28B4AA,#E8B082,#3CFFBE,#3C2254,#F0C8D2,1956
393,23373092,spiky,#1E5A3C,#A8704A,#1E5ADC,#8C929E,#C6D6E8,1950
394,23381011,fringe,#FF82AA,#845438,#DC1E5A,#101014,#F3F5F8,1948
395,23388930,classic,#C83C28,#E8B082,#FAC828,#A06E28,#EEE6AA,1948
396,23396849,classic,#6EC850,#E8B082,#FFFFFF,#5A6270,#EEE6AA,1948
397,23404768,side_part,#7A281E,#CE9264,#DC1E5A,#781E22,#F3F5F8,1956
398,23412687,side_part,#A88C60,#845438,#3CDC78,#5A6270,#E2E8F0,1956
399,23420606,fringe,#E8D2A8,#A8704A,#FF78C8,#F3F5F8,#BCC8BE,1948
400,23428525,spiky,#E650BE,#623C28,#0C0F14,#482E1A,#AAC4E2,1950
401,23436444,fringe,#FF82AA,#FCDCBA,#FFB45A,#8C929E,#DED6F6,1948
402,23444363,side_part,#FAC828,#BA845A,#1D9BF0,#C8AA3C,#AAC4E2,1956
403,23452282,buzz,#8250DC,#BA845A,#3CDC78,#101014,#FFF6E8,1924
404,23460201,long,#FAC828,#E8B082,#FFFFFF,#2C4664,#BCC8BE,1948
405,23468120,fringe,#7A281E,#CE9264,#3CFFBE,#C8AA3C,#CEEAD6,1948
406,23476039,buzz,#7A281E,#F2C79B,#C8FF5A,#243028,#FAE2C8,1924
407,23483958,fringe,#C49252,#F2C79B,#DC1E5A,#8C929E,#CEEAD6,1948
408,23491877,buzz,#FAC828,#FCDCBA,#78FFF0,#1E5C2E,#F0C8D2,1924
409,23499796,fringe,#3C424E,#E8B082,#5AC8FF,#5C3E22,#EEE6AA,1948
410,23507715,buzz,#FF82AA,#623C28,#F0F078,#5C3E22,#C8E2F0,1924
411,23515634,buzz,#6EC850,#CE9264,#FAC828,#781E22,#F3F5F8,1924
412,23523553,side_part,#6EC850,#F2C79B,#FF508C,#145448,#C8E2F0,1956
413,23531472,long,#28B4AA,#845438,#DC1E5A,#1E5C2E,#C6D6E8,1948
414,23539391,fringe,#1E5A3C,#A8704A,#1D9BF0,#8C929E,#C8E2F0,1948
415,23547310,buzz,#A88C60,#845438,#8C64FF,#5A6270,#CEEAD6,1924
416,23555229,long,#5AC8FF,#BA845A,#FF508C,#3C424E,#C8E2F0,1948
417,23563148,buzz,#FAC828,#F2C79B,#FFFFFF,#3C2254,#FFF6E8,1924
418,23571067,long,#3C424E,#CE9264,#C8FF5A,#2C4664,#F3F5F8,1948
419,23578986,long,#5AC8FF,#FCDCBA,#8C64FF,#6E1E5A,#FAE2C8,1948
420,23586905,side_part,#8C5A2C,#BA845A,#3CDC78,#101014,#C6D6E8,1956
421,23594824,buzz,#F3F5F8,#A8704A,#3CDC78,#6E1E5A,#E2E8F0,1924
422,23602743,buzz,#E650BE,#CE9264,#0C0F14,#C8AA3C,#F0C8D2,1924
423,23610662,classic,#FF82AA,#623C28,#0C0F14,#2C4664,#E2E8F0,1948
424,23618581,long,#5AC8FF,#CE9264,#FF508C,#2E2820,#E8DAC4,1948
425,23626500,spiky,#121014,#845438,#FAC828,#5A6270,#EEE6AA,1950
426,23634419,classic,#E650BE,#FCDCBA,#3CFFBE,#145448,#AAC4E2,1948
427,23642338,buzz,#FAC828,#BA845A,#FFFFFF,#8C929E,#CEEAD6,1924
428,23650257,side_part,#5C3A1E,#623C28,#C8FF5A,#6E1E5A,#C8E2F0,1956
429,23658176,long,#8C5A2C,#845438,#DC1E5A,#1E5C2E,#FAE2C8,1948
430,23666095,fringe,#FAC828,#A8704A,#78FFF0,#6E1E5A,#F3F5F8,1948
431,23674014,spiky,#8250DC,#845438,#3CFFBE,#181E2C,#EEE6AA,1950
432,23681933,buzz,#FAC828,#F2C79B,#DC1E5A,#5A6270,#E2E8F0,1924
433,23689852,spiky,#96969C,#E8B082,#1E5ADC,#5C3E22,#FAE2C8,1950
434,23697771,side_part,#6EC850,#FCDCBA,#DC1E5A,#8C929E,#E2E8F0,1956
435,23705690,spiky,#E650BE,#E8B082,#DC1E5A,#F3F5F8,#EEE6AA,1950
436,23713609,long,#96969C,#A8704A,#1D9BF0,#781E22,#FFF6E8,1948
437,23721528,buzz,#1E5A3C,#623C28,#3CFFBE,#F3F5F8,#C6D6E8,1924
438,23729447,long,#A88C60,#623C28,#FFB45A,#482E1A,#EEE6AA,1948
439,23737366,buzz,#F06028,#CE9264,#3CFFBE,#3C2254,#F0C8D2,1924
440,23745285,side_part,#FAC828,#CE9264,#FF508C,#101014,#E8DAC4,1956
441,23753204,side_part,#6EC850,#F2C79B,#78FFF0,#F3F5F8,#BCC8BE,1956
442,23761123,classic,#C49252,#F2C79B,#3CDC78,#781E22,#FAE2C8,1948
443,23769042,classic,#1E5A3C,#845438,#3CFFBE,#2E2820,#DED6F6,1948
444,23776961,long,#FF82AA,#A8704A,#5AC8FF,#3C2254,#FAD0B0,1948
445,23784880,side_part,#8C5A2C,#A8704A,#C8FF5A,#6E1E5A,#F3F5F8,1956
446,23792799,classic,#E8D2A8,#E8B082,#78FFF0,#6E1E5A,#E8DAC4,1948
447,23800718,side_part,#E8D2A8,#CE9264,#78FFF0,#1A3C6E,#E2E8F0,1956
448,23808637,fringe,#E8D2A8,#E8B082,#00DCDC,#482E1A,#FABEC8,1948
449,23816556,spiky,#121014,#E8B082,#00DCDC,#5A6270,#C8E2F0,1950
450,23824475,spiky,#3C424E,#845438,#00DCDC,#145448,#F3F5F8,1950
451,23832394,buzz,#C49252,#CE9264,#FF3C3C,#2E2820,#AAC4E2,1924
452,23840313,buzz,#F06028,#845438,#F0F078,#6E1E5A,#AAC4E2,1924
453,23848232,side_part,#783CA0,#E8B082,#8C64FF,#243028,#C8E2F0,1956
454,23856151,buzz,#1E5A3C,#CE9264,#3CFFBE,#482E1A,#E8DAC4,1924
455,23864070,long,#3C424E,#845438,#C8FF5A,#6E1E5A,#DED6F6,1948
456,23871989,long,#A88C60,#845438,#F0F078,#C8AA3C,#C8E2F0,1948
457,23879908,long,#C49252,#CE9264,#3CFFBE,#1A3C6E,#F3F5F8,1948
458,23887827,spiky,#8250DC,#E8B082,#1E5ADC,#243028,#E8DAC4,1950
459,23895746,classic,#241A12,#BA845A,#C8FF5A,#5C3E22,#FFF6E8,1948
460,23903665,side_part,#E8D2A8,#CE9264,#FF3C3C,#781E22,#BCC8BE,1956
461,23911584,buzz,#8250DC,#623C28,#78FFF0,#243028,#FAD0B0,1924
462,23919503,side_part,#E8D2A8,#E8B082,#3CFFBE,#482E1A,#FAE2C8,1956
463,23927422,fringe,#3C82F0,#A8704A,#FF508C,#A06E28,#DED6F6,1948
464,23935341,classic,#C83C28,#FCDCBA,#5AC8FF,#3C2254,#C6D6E8,1948
465,23943260,fringe,#FAC828,#FCDCBA,#1E5ADC,#243028,#E2E8F0,1948
466,23951179,long,#A88C60,#CE9264,#F0F078,#C8AA3C,#E8DAC4,1948
467,23959098,long,#783CA0,#623C28,#00DCDC,#3C424E,#E8DAC4,1948
468,23967017,buzz,#6EC850,#FCDCBA,#C8FF5A,#2E2820,#F0C8D2,1924
469,23974936,spiky,#FF82AA,#A8704A,#FAC828,#2E2820,#CEEAD6,1950
470,23982855,buzz,#28B4AA,#623C28,#FF508C,#2C4664,#EEE6AA,1924
471,23990774,long,#FAC828,#E8B082,#FFFFFF,#482E1A,#E8DAC4,1948
472,23998693,buzz,#E8D2A8,#845438,#3CDC78,#5A6270,#FFF6E8,1924
473,24006612,classic,#8C5A2C,#F2C79B,#FF508C,#C8AA3C,#DED6F6,1948
474,24014531,fringe,#28B4AA,#CE9264,#1E5ADC,#F3F5F8,#AAC4E2,1948
475,24022450,fringe,#FF603C,#CE9264,#8C64FF,#3C424E,#FABEC8,1948
476,24030369,fringe,#3C82F0,#F2C79B,#3CDC78,#6E1E5A,#F3F5F8,1948
477,24038288,side_part,#3C424E,#BA845A,#3CFFBE,#3C424E,#FAD0B0,1956
478,24046207,fringe,#F3F5F8,#623C28,#1E5ADC,#243028,#CEEAD6,1948
479,24054126,fringe,#E650BE,#A8704A,#FF821E,#8C929E,#FAE2C8,1948
480,24062045,classic,#7A281E,#845438,#F0F078,#1E5C2E,#AAC4E2,1948
481,24069964,long,#F3F5F8,#845438,#1E5ADC,#1E5C2E,#AAC4E2,1948
482,24077883,side_part,#E8D2A8,#623C28,#FF508C,#8C929E,#FFF6E8,1956
483,24085802,spiky,#C49252,#A8704A,#FF78C8,#2E2820,#C8E2F0,1950
484,24093721,classic,#8C5A2C,#CE9264,#3CDC78,#1A3C6E,#CEEAD6,1948
485,24101640,classic,#28B4AA,#BA845A,#FF78C8,#482E1A,#C6D6E8,1948
486,24109559,spiky,#F3F5F8,#E8B082,#1E5ADC,#101014,#C8E2F0,1950
487,24117478,spiky,#121014,#BA845A,#78FFF0,#181E2C,#AAC4E2,1950
488,24125397,spiky,#C83C28,#A8704A,#AA50F0,#181E2C,#E2E8F0,1950
489,24133316,buzz,#8C5A2C,#623C28,#8C64FF,#781E22,#FAE2C8,1924
490,24141235,side_part,#783CA0,#FCDCBA,#FF3C3C,#1A3C6E,#FFF6E8,1956
491,24149154,classic,#241A12,#CE9264,#FF508C,#2E2820,#F0C8D2,1948
492,24157073,side_part,#E8D2A8,#FCDCBA,#5AC8FF,#243028,#FABEC8,1956
493,24164992,side_part,#5AC8FF,#845438,#00DCDC,#6E1E5A,#FFF6E8,1956
494,24172911,fringe,#3C424E,#845438,#FFB45A,#181E2C,#CEEAD6,1948
495,24180830,classic,#A88C60,#BA845A,#FAC828,#1A3C6E,#C8E2F0,1948
496,24188749,long,#241A12,#E8B082,#C8FF5A,#2E2820,#E2E8F0,1948
497,24196668,buzz,#F06028,#BA845A,#3CDC78,#482E1A,#FABEC8,1924
498,24204587,long,#FF82AA,#623C28,#FAC828,#181E2C,#C8E2F0,1948
499,24212506,classic,#F06028,#CE9264,#FFFFFF,#482E1A,#CEEAD6,1948
500,24220425,spiky,#241A12,#CE9264,#5AC8FF,#181E2C,#E8DAC4,1950
501,24228344,long,#121014,#845438,#F0F078,#145448,#F0C8D2,1948
502,24236263,long,#3C424E,#BA845A,#3CDC78,#F3F5F8,#AAC4E2,1948
503,24244182,buzz,#8250DC,#BA845A,#FFFFFF,#F3F5F8,#FABEC8,1924
504,24252101,long,#241A12,#623C28,#C8FF5A,#C8AA3C,#E2E8F0,1948
505,24260020,spiky,#F3F5F8,#623C28,#00DCDC,#145448,#FAD0B0,1950
506,24267939,side_part,#5C3A1E,#845438,#FAC828,#A06E28,#FAD0B0,1956
507,24275858,long,#783CA0,#BA845A,#FF3C3C,#482E1A,#EEE6AA,1948
508,24283777,classic,#E650BE,#FCDCBA,#DC1E5A,#1E5C2E,#BCC8BE,1948
509,24291696,long,#1E5A3C,#E8B082,#00DCDC,#243028,#E2E8F0,1948
510,24299615,classic,#1E5A3C,#CE9264,#1E5ADC,#781E22,#FAD0B0,1948
511,24307534,fringe,#F3F5F8,#CE9264,#5AC8FF,#1A3C6E,#FFF6E8,1948
512,24315453,side_part,#121014,#623C28,#C8FF5A,#2E2820,#FABEC8,1956
513,24323372,buzz,#8C5A2C,#F2C79B,#FF508C,#2C4664,#FAD0B0,1924
514,24331291,spiky,#A88C60,#623C28,#FAC828,#C8AA3C,#EEE6AA,1950
515,24339210,fringe,#96969C,#F2C79B,#1E5ADC,#1E5C2E,#F0C8D2,1948
516,24347129,spiky,#FF603C,#623C28,#DC1E5A,#101014,#F3F5F8,1950
517,24355048,classic,#E8D2A8,#F2C79B,#FF78C8,#781E22,#FAD0B0,1948
518,24362967,classic,#C83C28,#A8704A,#FAC828,#6E1E5A,#E8DAC4,1948
519,24370886,side_part,#C49252,#E8B082,#3CFFBE,#2C4664,#FABEC8,1956
520,24378805,buzz,#E8D2A8,#F2C79B,#00DCDC,#6E1E5A,#CEEAD6,1924
521,24386724,classic,#7A281E,#FCDCBA,#00DCDC,#145448,#AAC4E2,1948
522,24394643,classic,#C49252,#CE9264,#1D9BF0,#F3F5F8,#FAD0B0,1948
523,24402562,long,#5AC8FF,#E8B082,#3CDC78,#243028,#FFF6E8,1948
524,24410481,classic,#28B4AA,#FCDCBA,#DC1E5A,#482E1A,#FFF6E8,1948
525,24418400,buzz,#FF603C,#E8B082,#78FFF0,#781E22,#FFF6E8,1924
526,24426319,long,#8250DC,#623C28,#FAC828,#C8AA3C,#BCC8BE,1948
527,24434238,fringe,#C83C28,#E8B082,#FAC828,#2E2820,#E2E8F0,1948
528,24442157,fringe,#6EC850,#E8B082,#AA50F0,#2E2820,#C6D6E8,1948
529,24450076,side_part,#783CA0,#845438,#3CDC78,#145448,#F3F5F8,1956
530,24457995,classic,#E650BE,#E8B082,#C8FF5A,#6E1E5A,#EEE6AA,1948
531,24465914,classic,#783CA0,#FCDCBA,#C8FF5A,#1A3C6E,#E8DAC4,1948
532,24473833,classic,#A88C60,#E8B082,#AA50F0,#101014,#AAC4E2,1948
533,24481752,buzz,#8C5A2C,#F2C79B,#78FFF0,#1E5C2E,#FAD0B0,1924
534,24489671,classic,#E650BE,#FCDCBA,#FFB45A,#145448,#EEE6AA,1948
535,24497590,fringe,#C49252,#FCDCBA,#8C64FF,#482E1A,#AAC4E2,1948
536,24505509,classic,#7A281E,#FCDCBA,#AA50F0,#101014,#EEE6AA,1948
537,24513428,buzz,#F06028,#BA845A,#DC1E5A,#5A6270,#FFF6E8,1924
538,24521347,spiky,#FAC828,#A8704A,#FF78C8,#6E1E5A,#FAE2C8,1950
539,24529266,classic,#1E5A3C,#BA845A,#C8FF5A,#8C929E,#EEE6AA,1948
540,24537185,side_part,#5AC8FF,#BA845A,#0C0F14,#2E2820,#EEE6AA,1956
541,24545104,side_part,#FF82AA,#CE9264,#FFFFFF,#1E5C2E,#C6D6E8,1956
542,24553023,classic,#F06028,#623C28,#78FFF0,#C8AA3C,#FAD0B0,1948
543,24560942,side_part,#5C3A1E,#E8B082,#1D9BF0,#482E1A,#E8DAC4,1956
544,24568861,long,#7A281E,#A8704A,#FAC828,#101014,#C6D6E8,1948
545,24576780,long,#E8D2A8,#623C28,#FF3C3C,#181E2C,#BCC8BE,1948
546,24584699,long,#8250DC,#A8704A,#FAC828,#3C424E,#E8DAC4,1948
547,24592618,side_part,#241A12,#A8704A,#1E5ADC,#1A3C6E,#FFF6E8,1956
548,24600537,side_part,#F3F5F8,#F2C79B,#8C64FF,#5C3E22,#E2E8F0,1956
549,24608456,long,#C49252,#F2C79B,#DC1E5A,#A06E28,#EEE6AA,1948
550,24616375,side_part,#A88C60,#BA845A,#5AC8FF,#3C2254,#BCC8BE,1956
551,24624294,buzz,#6EC850,#845438,#1E5ADC,#8C929E,#BCC8BE,1924
552,24632213,buzz,#A88C60,#CE9264,#0C0F14,#145448,#FAE2C8,1924
553,24640132,fringe,#E8D2A8,#F2C79B,#AA50F0,#181E2C,#AAC4E2,1948
554,24648051,side_part,#7A281E,#BA845A,#78FFF0,#2E2820,#FAD0B0,1956
555,24655970,buzz,#3C424E,#CE9264,#AA50F0,#2E2820,#FABEC8,1924
556,24663889,fringe,#28B4AA,#BA845A,#3CFFBE,#181E2C,#FFF6E8,1948
557,24671808,side_part,#121014,#F2C79B,#78FFF0,#243028,#FABEC8,1956
558,24679727,buzz,#28B4AA,#BA845A,#AA50F0,#5A6270,#F3F5F8,1924
559,24687646,classic,#F06028,#CE9264,#FAC828,#482E1A,#F0C8D2,1948
560,24695565,fringe,#3C82F0,#E8B082,#AA50F0,#6E1E5A,#FFF6E8,1948
561,24703484,fringe,#28B4AA,#FCDCBA,#C8FF5A,#A06E28,#BCC8BE,1948
562,24711403,classic,#6EC850,#623C28,#3CFFBE,#243028,#EEE6AA,1948
563,24719322,spiky,#5C3A1E,#A8704A,#8C64FF,#482E1A,#CEEAD6,1950
564,24727241,side_part,#121014,#A8704A,#3CDC78,#2C4664,#F3F5F8,1956
565,24735160,side_part,#8C5A2C,#F2C79B,#0C0F14,#A06E28,#AAC4E2,1956
566,24743079,side_part,#3C82F0,#CE9264,#FF3C3C,#181E2C,#DED6F6,1956
567,24750998,buzz,#8C5A2C,#BA845A,#8C64FF,#2C4664,#C8E2F0,1924
568,24758917,fringe,#E650BE,#845438,#FFFFFF,#1E5C2E,#E8DAC4,1948
569,24766836,side_part,#6EC850,#CE9264,#DC1E5A,#5A6270,#FFF6E8,1956
570,24774755,long,#C83C28,#623C28,#78FFF0,#5A6270,#BCC8BE,1948
571,24782674,long,#7A281E,#E8B082,#FF508C,#482E1A,#FAE2C8,1948
572,24790593,fringe,#28B4AA,#CE9264,#C8FF5A,#243028,#BCC8BE,1948
573,24798512,side_part,#6EC850,#845438,#5AC8FF,#A06E28,#BCC8BE,1956
574,24806431,buzz,#E650BE,#F2C79B,#3CDC78,#3C424E,#F3F5F8,1924
575,24814350,long,#F06028,#E8B082,#5AC8FF,#5C3E22,#AAC4E2,1948
576,24822269,long,#FAC828,#E8B082,#78FFF0,#3C2254,#FAE2C8,1948
577,24830188,side_part,#6EC850,#623C28,#1E5ADC,#6E1E5A,#C6D6E8,1956
578,24838107,buzz,#241A12,#845438,#DC1E5A,#F3F5F8,#BCC8BE,1924
579,24846026,long,#96969C,#BA845A,#3CFFBE,#A06E28,#CEEAD6,1948
580,24853945,spiky,#3C424E,#BA845A,#DC1E5A,#1A3C6E,#FFF6E8,1950
581,24861864,side_part,#7A281E,#845438,#FF821E,#8C929E,#FABEC8,1956
582,24869783,spiky,#FF603C,#E8B082,#1D9BF0,#482E1A,#EEE6AA,1950
583,24877702,side_part,#C49252,#E8B082,#78FFF0,#2C4664,#E8DAC4,1956
584,24885621,spiky,#241A12,#A8704A,#78FFF0,#101014,#F3F5F8,1950
585,24893540,long,#8250DC,#F2C79B,#0C0F14,#A06E28,#FABEC8,1948
586,24901459,long,#F06028,#845438,#FF508C,#2E2820,#FFF6E8,1948
587,24909378,long,#A88C60,#FCDCBA,#8C64FF,#5A6270,#E8DAC4,1948
588,24917297,classic,#783CA0,#FCDCBA,#8C64FF,#181E2C,#EEE6AA,1948
589,24925216,buzz,#5C3A1E,#CE9264,#78FFF0,#781E22,#FAD0B0,1924
590,24933135,classic,#A88C60,#E8B082,#00DCDC,#C8AA3C,#F0C8D2,1948
591,24941054,fringe,#E650BE,#A8704A,#0C0F14,#6E1E5A,#FFF6E8,1948
592,24948973,spiky,#E650BE,#E8B082,#3CFFBE,#5C3E22,#E2E8F0,1950
593,24956892,classic,#FF603C,#FCDCBA,#FFB45A,#101014,#FABEC8,1948
594,24964811,spiky,#A88C60,#623C28,#0C0F14,#5A6270,#C8E2F0,1950
595,24972730,spiky,#8C5A2C,#FCDCBA,#FFB45A,#1A3C6E,#FABEC8,1950
596,24980649,side_part,#8250DC,#FCDCBA,#5AC8FF,#2C4664,#AAC4E2,1956
597,24988568,buzz,#96969C,#BA845A,#FAC828,#1E5C2E,#AAC4E2,1924
598,24996487,fringe,#E8D2A8,#845438,#FFB45A,#1E5C2E,#FAE2C8,1948
599,25004406,side_part,#3C82F0,#A8704A,#FF508C,#A06E28,#FAE2C8,1956
600,25012325,classic,#FAC828,#E8B082,#FF508C,#6E1E5A,#C8E2F0,1948
601,25020244,fringe,#3C82F0,#845438,#3CDC78,#2E2820,#DED6F6,1948
602,25028163,long,#121014,#CE9264,#1E5ADC,#3C2254,#F0C8D2,1948
603,25036082,long,#28B4AA,#A8704A,#3CFFBE,#5C3E22,#F3F5F8,1948
604,25044001,spiky,#F3F5F8,#845438,#FF821E,#6E1E5A,#F3F5F8,1950
605,25051920,classic,#7A281E,#F2C79B,#00DCDC,#181E2C,#FFF6E8,1948
606,25059839,fringe,#F3F5F8,#845438,#AA50F0,#3C2254,#BCC8BE,1948
607,25067758,classic,#783CA0,#623C28,#AA50F0,#8C929E,#DED6F6,1948
608,25075677,long,#C49252,#BA845A,#78FFF0,#8C929E,#F0C8D2,1948
609,25083596,buzz,#8C5A2C,#F2C79B,#C8FF5A,#6E1E5A,#E8DAC4,1924
610,25091515,classic,#783CA0,#623C28,#8C64FF,#C8CCD4,#FFF6E8,1948
611,25099434,long,#FF603C,#E8B082,#1E5ADC,#5A6270,#BCC8BE,1948
612,25107353,side_part,#96969C,#A8704A,#F0F078,#101014,#C6D6E8,1956
613,25115272,classic,#F06028,#E8B082,#5AC8FF,#1E5C2E,#C6D6E8,1948
614,25123191,spiky,#5AC8FF,#CE9264,#DC1E5A,#482E1A,#FABEC8,1950
615,25131110,spiky,#F06028,#845438,#0C0F14,#A06E28,#F3F5F8,1950
616,25139029,spiky,#8C5A2C,#A8704A,#DC1E5A,#181E2C,#C6D6E8,1950
617,25146948,fringe,#8250DC,#845438,#FFB45A,#C8AA3C,#F0C8D2,1948
618,25154867,long,#A88C60,#623C28,#FAC828,#6E1E5A,#C6D6E8,1948
619,25162786,classic,#5AC8FF,#E8B082,#3CDC78,#145448,#CEEAD6,1948
620,25170705,long,#F3F5F8,#FCDCBA,#FF3C3C,#6E1E5A,#EEE6AA,1948
621,25178624,spiky,#96969C,#CE9264,#FFFFFF,#145448,#C8E2F0,1950
622,25186543,buzz,#8C5A2C,#A8704A,#5AC8FF,#2C4664,#E2E8F0,1924
623,25194462,spiky,#C49252,#CE9264,#00DCDC,#101014,#F3F5F8,1950
624,25202381,classic,#E8D2A8,#623C28,#FAC828,#1A3C6E,#FAD0B0,1948
625,25210300,spiky,#28B4AA,#FCDCBA,#0C0F14,#1E5C2E,#C8E2F0,1950
626,25218219,buzz,#121014,#A8704A,#F0F078,#3C424E,#BCC8BE,1924
627,25226138,fringe,#96969C,#FCDCBA,#FF3C3C,#101014,#FAE2C8,1948
628,25234057,classic,#C49252,#CE9264,#FF3C3C,#5A6270,#FAE2C8,1948
629,25241976,side_part,#5C3A1E,#623C28,#3CFFBE,#2E2820,#FFF6E8,1956
630,25249895,spiky,#C83C28,#CE9264,#AA50F0,#5C3E22,#C8E2F0,1950
631,25257814,classic,#3C82F0,#623C28,#8C64FF,#5A6270,#FABEC8,1948
632,25265733,fringe,#3C82F0,#A8704A,#DC1E5A,#2C4664,#BCC8BE,1948
633,25273652,side_part,#F06028,#F2C79B,#3CDC78,#101014,#AAC4E2,1956
634,25281571,fringe,#F3F5F8,#A8704A,#DC1E5A,#243028,#FABEC8,1948
635,25289490,side_part,#8C5A2C,#CE9264,#FF3C3C,#1A3C6E,#E2E8F0,1956
636,25297409,buzz,#121014,#E8B082,#DC1E5A,#8C929E,#FAD0B0,1924
637,25305328,long,#FF82AA,#E8B082,#00DCDC,#243028,#DED6F6,1948
638,25313247,buzz,#1E5A3C,#CE9264,#00DCDC,#2E2820,#E8DAC4,1924
639,25321166,buzz,#241A12,#FCDCBA,#00DCDC,#2E2820,#CEEAD6,1924
640,25329085,classic,#8250DC,#BA845A,#C8FF5A,#181E2C,#DED6F6,1948
641,25337004,fringe,#FF603C,#A8704A,#1D9BF0,#2E2820,#C6D6E8,1948
642,25344923,buzz,#8250DC,#845438,#1E5ADC,#5A6270,#FAD0B0,1924
643,25352842,spiky,#3C82F0,#845438,#8C64FF,#1E5C2E,#C6D6E8,1950
644,25360761,buzz,#5AC8FF,#FCDCBA,#0C0F14,#C8CCD4,#FAD0B0,1924
645,25368680,side_part,#C49252,#845438,#3CFFBE,#C8CCD4,#FAE2C8,1956
646,25376599,buzz,#241A12,#845438,#1E5ADC,#101014,#BCC8BE,1924
647,25384518,buzz,#7A281E,#E8B082,#3CDC78,#781E22,#DED6F6,1924
648,25392437,buzz,#1E5A3C,#623C28,#FFFFFF,#C8AA3C,#FFF6E8,1924
649,25400356,long,#783CA0,#A8704A,#8C64FF,#1E5C2E,#BCC8BE,1948
650,25408275,fringe,#5AC8FF,#A8704A,#AA50F0,#8C929E,#DED6F6,1948
651,25416194,side_part,#7A281E,#BA845A,#DC1E5A,#101014,#CEEAD6,1956
652,25424113,spiky,#8250DC,#A8704A,#FF508C,#145448,#FFF6E8,1950
653,25432032,buzz,#6EC850,#623C28,#FAC828,#1E5C2E,#EEE6AA,1924
654,25439951,buzz,#8C5A2C,#CE9264,#1D9BF0,#243028,#C6D6E8,1924
655,25447870,classic,#5C3A1E,#E8B082,#C8FF5A,#781E22,#DED6F6,1948
656,25455789,long,#8C5A2C,#F2C79B,#FF78C8,#781E22,#F3F5F8,1948
657,25463708,spiky,#1E5A3C,#845438,#C8FF5A,#5A6270,#FAD0B0,1950
658,25471627,buzz,#8250DC,#A8704A,#FFB45A,#8C929E,#FABEC8,1924
659,25479546,classic,#7A281E,#FCDCBA,#FAC828,#8C929E,#C6D6E8,1948
660,25487465,fringe,#F3F5F8,#E8B082,#00DCDC,#F3F5F8,#FABEC8,1948
661,25495384,spiky,#5C3A1E,#FCDCBA,#FF508C,#1A3C6E,#BCC8BE,1950
662,25503303,spiky,#C83C28,#BA845A,#00DCDC,#101014,#C6D6E8,1950
663,25511222,classic,#28B4AA,#FCDCBA,#8C64FF,#1E5C2E,#FABEC8,1948
664,25519141,long,#C49252,#845438,#FF3C3C,#C8AA3C,#BCC8BE,1948
665,25527060,buzz,#8C5A2C,#FCDCBA,#5AC8FF,#2E2820,#EEE6AA,1924
666,25534979,buzz,#5C3A1E,#845438,#DC1E5A,#482E1A,#FFF6E8,1924
667,25542898,side_part,#3C82F0,#FCDCBA,#FFB45A,#2C4664,#C8E2F0,1956
668,25550817,spiky,#FF82AA,#F2C79B,#FAC828,#8C929E,#F3F5F8,1950
669,25558736,fringe,#8250DC,#623C28,#FFB45A,#101014,#FAE2C8,1948
670,25566655,classic,#121014,#FCDCBA,#FF508C,#C8AA3C,#FAE2C8,1948
671,25574574,long,#A88C60,#FCDCBA,#1E5ADC,#482E1A,#FFF6E8,1948
672,25582493,spiky,#3C82F0,#623C28,#FF821E,#2C4664,#EEE6AA,1950
673,25590412,side_part,#241A12,#CE9264,#1E5ADC,#A06E28,#AAC4E2,1956
674,25598331,classic,#F06028,#623C28,#FF78C8,#C8AA3C,#BCC8BE,1948
675,25606250,side_part,#F06028,#845438,#AA50F0,#101014,#DED6F6,1956
676,25614169,fringe,#28B4AA,#623C28,#1E5ADC,#2E2820,#F0C8D2,1948
677,25622088,spiky,#8C5A2C,#CE9264,#F0F078,#6E1E5A,#BCC8BE,1950
678,25630007,fringe,#C83C28,#A8704A,#3CFFBE,#482E1A,#CEEAD6,1948
679,25637926,long,#C83C28,#A8704A,#1D9BF0,#181E2C,#F0C8D2,1948
680,25645845,classic,#C83C28,#A8704A,#F0F078,#5C3E22,#F0C8D2,1948
681,25653764,buzz,#241A12,#FCDCBA,#78FFF0,#6E1E5A,#C6D6E8,1924
682,25661683,long,#8C5A2C,#A8704A,#FFB45A,#3C424E,#CEEAD6,1948
683,25669602,classic,#28B4AA,#BA845A,#FAC828,#5C3E22,#FAD0B0,1948
684,25677521,long,#241A12,#BA845A,#1D9BF0,#F3F5F8,#F0C8D2,1948
685,25685440,long,#5C3A1E,#CE9264,#78FFF0,#243028,#F3F5F8,1948
686,25693359,side_part,#6EC850,#845438,#0C0F14,#1A3C6E,#FFF6E8,1956
687,25701278,spiky,#F06028,#FCDCBA,#0C0F14,#781E22,#C8E2F0,1950
688,25709197,long,#3C424E,#E8B082,#3CDC78,#C8AA3C,#E8DAC4,1948
689,25717116,buzz,#5C3A1E,#A8704A,#FF821E,#101014,#EEE6AA,1924
690,25725035,classic,#1E5A3C,#CE9264,#78FFF0,#145448,#CEEAD6,1948
691,25732954,classic,#3C424E,#E8B082,#FF821E,#5A6270,#F3F5F8,1948
692,25740873,long,#7A281E,#845438,#1D9BF0,#482E1A,#FFF6E8,1948
693,25748792,buzz,#E650BE,#CE9264,#DC1E5A,#1A3C6E,#C6D6E8,1924
694,25756711,fringe,#E650BE,#FCDCBA,#C8FF5A,#5C3E22,#FAD0B0,1948
695,25764630,long,#FF603C,#845438,#FF78C8,#781E22,#FFF6E8,1948
696,25772549,fringe,#FAC828,#A8704A,#FF508C,#181E2C,#C6D6E8,1948
697,25780468,spiky,#5AC8FF,#623C28,#FFB45A,#482E1A,#C8E2F0,1950
698,25788387,fringe,#FF82AA,#FCDCBA,#00DCDC,#6E1E5A,#BCC8BE,1948
699,25796306,spiky,#3C424E,#FCDCBA,#1D9BF0,#243028,#E2E8F0,1950
700,25804225,buzz,#241A12,#623C28,#FF508C,#A06E28,#FFF6E8,1924
701,25812144,spiky,#3C82F0,#A8704A,#FFB45A,#1A3C6E,#DED6F6,1950
702,25820063,buzz,#FF603C,#FCDCBA,#78FFF0,#1A3C6E,#C6D6E8,1924
703,25827982,spiky,#96969C,#CE9264,#FFFFFF,#145448,#F0C8D2,1950
704,25835901,classic,#5C3A1E,#FCDCBA,#0C0F14,#3C424E,#FAD0B0,1948
705,25843820,buzz,#F3F5F8,#623C28,#FFB45A,#1E5C2E,#FAD0B0,1924
706,25851739,side_part,#FAC828,#A8704A,#C8FF5A,#1E5C2E,#EEE6AA,1956
707,25859658,side_part,#3C82F0,#FCDCBA,#DC1E5A,#243028,#E8DAC4,1956
708,25867577,side_part,#8250DC,#A8704A,#C8FF5A,#6E1E5A,#E8DAC4,1956
709,25875496,spiky,#A88C60,#BA845A,#1D9BF0,#145448,#F3F5F8,1950
710,25883415,buzz,#7A281E,#A8704A,#0C0F14,#5C3E22,#FAE2C8,1924
711,25891334,long,#F3F5F8,#F2C79B,#1D9BF0,#781E22,#FFF6E8,1948
712,25899253,classic,#E650BE,#E8B082,#1D9BF0,#2E2820,#E2E8F0,1948
713,25907172,long,#C49252,#845438,#FF821E,#3C2254,#BCC8BE,1948
714,25915091,classic,#96969C,#623C28,#3CDC78,#6E1E5A,#C6D6E8,1948
715,25923010,classic,#7A281E,#F2C79B,#DC1E5A,#A06E28,#FFF6E8,1948
716,25930929,long,#3C424E,#CE9264,#F0F078,#5C3E22,#F3F5F8,1948
717,25938848,spiky,#E650BE,#E8B082,#00DCDC,#3C2254,#FAD0B0,1950
718,25946767,buzz,#5C3A1E,#F2C79B,#FFFFFF,#A06E28,#E2E8F0,1924
719,25954686,classic,#FAC828,#623C28,#8C64FF,#181E2C,#FFF6E8,1948
720,25962605,spiky,#96969C,#A8704A,#0C0F14,#482E1A,#F0C8D2,1950
721,25970524,spiky,#E650BE,#CE9264,#78FFF0,#1E5C2E,#C8E2F0,1950
722,25978443,long,#783CA0,#CE9264,#AA50F0,#1E5C2E,#FAE2C8,1948
723,25986362,spiky,#1E5A3C,#F2C79B,#78FFF0,#101014,#FABEC8,1950
724,25994281,buzz,#28B4AA,#A8704A,#C8FF5A,#781E22,#DED6F6,1924
725,26002200,buzz,#7A281E,#CE9264,#1E5ADC,#1A3C6E,#FABEC8,1924
726,26010119,long,#FAC828,#CE9264,#78FFF0,#101014,#FAE2C8,1948
727,26018038,spiky,#5AC8FF,#BA845A,#F0F078,#1E5C2E,#FAD0B0,1950
728,26025957,fringe,#C49252,#A8704A,#5AC8FF,#5C3E22,#FABEC8,1948
729,26033876,buzz,#28B4AA,#F2C79B,#1E5ADC,#C8AA3C,#AAC4E2,1924
730,26041795,buzz,#5AC8FF,#CE9264,#FF508C,#1A3C6E,#E2E8F0,1924
731,26049714,buzz,#FF82AA,#845438,#8C64FF,#6E1E5A,#FAE2C8,1924
732,26057633,buzz,#7A281E,#845438,#FFB45A,#8C929E,#E8DAC4,1924
733,26065552,long,#6EC850,#845438,#3CFFBE,#8C929E,#BCC8BE,1948
734,26073471,long,#A88C60,#F2C79B,#3CDC78,#243028,#DED6F6,1948
735,26081390,side_part,#FAC828,#623C28,#FF3C3C,#2E2820,#DED6F6,1956
736,26089309,side_part,#FF603C,#A8704A,#3CDC78,#1A3C6E,#E8DAC4,1956
737,26097228,classic,#E8D2A8,#E8B082,#FF78C8,#181E2C,#E2E8F0,1948
738,26105147,spiky,#5AC8FF,#F2C79B,#0C0F14,#5A6270,#C6D6E8,1950
739,26113066,classic,#8250DC,#845438,#78FFF0,#C8AA3C,#DED6F6,1948
740,26120985,classic,#F06028,#F2C79B,#8C64FF,#3C424E,#BCC8BE,1948
741,26128904,long,#783CA0,#FCDCBA,#5AC8FF,#482E1A,#C6D6E8,1948
742,26136823,buzz,#5AC8FF,#623C28,#DC1E5A,#1A3C6E,#E2E8F0,1924
743,26144742,long,#FF603C,#623C28,#AA50F0,#3C424E,#FABEC8,1948
744,26152661,fringe,#E8D2A8,#CE9264,#FF508C,#243028,#E2E8F0,1948
745,26160580,buzz,#5C3A1E,#A8704A,#FFFFFF,#3C424E,#C8E2F0,1924
746,26168499,buzz,#7A281E,#A8704A,#8C64FF,#181E2C,#BCC8BE,1924
747,26176418,spiky,#28B4AA,#CE9264,#DC1E5A,#C8AA3C,#EEE6AA,1950
748,26184337,buzz,#28B4AA,#BA845A,#0C0F14,#A06E28,#CEEAD6,1924
749,26192256,fringe,#8250DC,#623C28,#FAC828,#145448,#FFF6E8,1948
750,26200175,side_part,#783CA0,#FCDCBA,#FF3C3C,#A06E28,#CEEAD6,1956
751,26208094,spiky,#8250DC,#F2C79B,#78FFF0,#5A6270,#EEE6AA,1950
752,26216013,long,#5AC8FF,#FCDCBA,#00DCDC,#1A3C6E,#AAC4E2,1948
753,26223932,classic,#A88C60,#F2C79B,#8C64FF,#145448,#AAC4E2,1948
754,26231851,long,#783CA0,#BA845A,#FF508C,#101014,#F0C8D2,1948
755,26239770,spiky,#3C424E,#BA845A,#3CFFBE,#3C424E,#CEEAD6,1950
756,26247689,side_part,#FAC828,#BA845A,#3CFFBE,#181E2C,#BCC8BE,1956
757,26255608,side_part,#FF82AA,#FCDCBA,#3CDC78,#8C929E,#FFF6E8,1956
758,26263527,long,#1E5A3C,#A8704A,#3CFFBE,#3C2254,#FABEC8,1948
759,26271446,fringe,#96969C,#623C28,#AA50F0,#8C929E,#F3F5F8,1948
760,26279365,long,#5AC8FF,#623C28,#FFFFFF,#243028,#BCC8BE,1948
761,26287284,classic,#5C3A1E,#623C28,#00DCDC,#6E1E5A,#C6D6E8,1948
762,26295203,fringe,#C83C28,#BA845A,#1D9BF0,#5A6270,#DED6F6,1948
763,26303122,long,#28B4AA,#A8704A,#DC1E5A,#5A6270,#CEEAD6,1948
764,26311041,long,#5AC8FF,#F2C79B,#FF508C,#2E2820,#E2E8F0,1948
765,26318960,classic,#7A281E,#FCDCBA,#1D9BF0,#101014,#FAE2C8,1948
766,26326879,spiky,#FF82AA,#F2C79B,#AA50F0,#6E1E5A,#FFF6E8,1950
767,26334798,spiky,#E650BE,#E8B082,#C8FF5A,#1E5C2E,#EEE6AA,1950
768,26342717,long,#8C5A2C,#BA845A,#3CDC78,#1A3C6E,#DED6F6,1948
769,26350636,buzz,#8250DC,#FCDCBA,#DC1E5A,#101014,#E8DAC4,1924
770,26358555,fringe,#E8D2A8,#845438,#3CDC78,#5A6270,#CEEAD6,1948
771,26366474,classic,#28B4AA,#A8704A,#FFB45A,#2C4664,#F0C8D2,1948
772,26374393,side_part,#8C5A2C,#623C28,#FFB45A,#2E2820,#C8E2F0,1956
773,26382312,spiky,#1E5A3C,#FCDCBA,#FF508C,#482E1A,#F3F5F8,1950
774,26390231,fringe,#C49252,#F2C79B,#3CDC78,#5C3E22,#F0C8D2,1948
775,26398150,buzz,#FF603C,#FCDCBA,#1E5ADC,#1A3C6E,#C6D6E8,1924
776,26406069,side_part,#7A281E,#FCDCBA,#1D9BF0,#1A3C6E,#C8E2F0,1956
777,26413988,fringe,#E650BE,#F2C79B,#FF821E,#3C2254,#EEE6AA,1948
778,26421907,fringe,#3C424E,#623C28,#FAC828,#1A3C6E,#CEEAD6,1948
779,26429826,side_part,#5C3A1E,#FCDCBA,#3CFFBE,#482E1A,#EEE6AA,1956
780,26437745,spiky,#6EC850,#F2C79B,#FF821E,#A06E28,#FFF6E8,1950
781,26445664,classic,#C49252,#F2C79B,#FF3C3C,#6E1E5A,#E2E8F0,1948
782,26453583,fringe,#28B4AA,#E8B082,#3CFFBE,#3C2254,#FAE2C8,1948
783,26461502,side_part,#FF603C,#BA845A,#FF508C,#781E22,#DED6F6,1956
784,26469421,buzz,#8C5A2C,#BA845A,#FF3C3C,#243028,#AAC4E2,1924
785,26477340,side_part,#C49252,#E8B082,#FF821E,#1A3C6E,#F0C8D2,1956
786,26485259,fringe,#F06028,#F2C79B,#FFFFFF,#5C3E22,#F3F5F8,1948
787,26493178,fringe,#28B4AA,#845438,#1E5ADC,#243028,#F3F5F8,1948
788,26501097,spiky,#8C5A2C,#F2C79B,#1D9BF0,#1A3C6E,#F0C8D2,1950
789,26509016,classic,#96969C,#F2C79B,#1E5ADC,#1E5C2E,#F3F5F8,1948
790,26516935,classic,#FAC828,#845438,#78FFF0,#A06E28,#AAC4E2,1948
791,26524854,spiky,#FF603C,#A8704A,#1D9BF0,#5A6270,#EEE6AA,1950
792,26532773,classic,#241A12,#A8704A,#FF821E,#3C2254,#F0C8D2,1948
793,26540692,spiky,#1E5A3C,#A8704A,#DC1E5A,#A06E28,#FFF6E8,1950
794,26548611,side_part,#FAC828,#845438,#FFFFFF,#A06E28,#BCC8BE,1956
795,26556530,spiky,#C49252,#F2C79B,#1E5ADC,#145448,#C8E2F0,1950
796,26564449,fringe,#8C5A2C,#CE9264,#AA50F0,#3C2254,#FAE2C8,1948
797,26572368,buzz,#783CA0,#623C28,#AA50F0,#145448,#FAE2C8,1924
798,26580287,long,#783CA0,#FCDCBA,#5AC8FF,#101014,#E2E8F0,1948
799,26588206,buzz,#8C5A2C,#E8B082,#C8FF5A,#3C2254,#F0C8D2,1924
800,26596125,buzz,#FF82AA,#E8B082,#8C64FF,#3C2254,#F0C8D2,1924
801,26604044,classic,#5AC8FF,#BA845A,#DC1E5A,#5C3E22,#E2E8F0,1948
802,26611963,side_part,#6EC850,#A8704A,#DC1E5A,#6E1E5A,#E8DAC4,1956
803,26619882,long,#E650BE,#A8704A,#0C0F14,#2C4664,#FAD0B0,1948
804,26627801,classic,#7A281E,#A8704A,#1E5ADC,#243028,#FABEC8,1948
805,26635720,spiky,#E650BE,#CE9264,#1E5ADC,#1E5C2E,#E2E8F0,1950
806,26643639,spiky,#C49252,#BA845A,#F0F078,#3C424E,#F0C8D2,1950
807,26651558,side_part,#C83C28,#F2C79B,#0C0F14,#101014,#F0C8D2,1956
808,26659477,spiky,#5AC8FF,#A8704A,#00DCDC,#6E1E5A,#C8E2F0,1950
809,26667396,side_part,#C83C28,#BA845A,#C8FF5A,#A06E28,#FFF6E8,1956
810,26675315,long,#7A281E,#845438,#C8FF5A,#1E5C2E,#FABEC8,1948
811,26683234,spiky,#F3F5F8,#E8B082,#FF78C8,#243028,#F0C8D2,1950
812,26691153,side_part,#FF603C,#A8704A,#DC1E5A,#6E1E5A,#FFF6E8,1956
813,26699072,side_part,#241A12,#A8704A,#C8FF5A,#1E5C2E,#C8E2F0,1956
814,26706991,side_part,#7A281E,#A8704A,#00DCDC,#482E1A,#E2E8F0,1956
815,26714910,fringe,#241A12,#F2C79B,#78FFF0,#8C929E,#FAE2C8,1948
816,26722829,long,#FAC828,#845438,#00DCDC,#3C424E,#DED6F6,1948
817,26730748,side_part,#F3F5F8,#FCDCBA,#00DCDC,#2C4664,#DED6F6,1956
818,26738667,long,#C49252,#623C28,#78FFF0,#3C424E,#FABEC8,1948
819,26746586,long,#6EC850,#BA845A,#FFFFFF,#101014,#F3F5F8,1948
820,26754505,spiky,#5AC8FF,#623C28,#8C64FF,#145448,#E2E8F0,1950
821,26762424,classic,#3C82F0,#F2C79B,#DC1E5A,#3C424E,#AAC4E2,1948
822,26770343,side_part,#E650BE,#F2C79B,#C8FF5A,#8C929E,#E8DAC4,1956
823,26778262,fringe,#C83C28,#A8704A,#78FFF0,#5C3E22,#C8E2F0,1948
824,26786181,side_part,#121014,#F2C79B,#C8FF5A,#C8AA3C,#E8DAC4,1956
825,26794100,buzz,#8250DC,#845438,#FF78C8,#5C3E22,#F0C8D2,1924
826,26802019,fringe,#1E5A3C,#F2C79B,#FAC828,#6E1E5A,#FAE2C8,1948
827,26809938,classic,#8250DC,#E8B082,#FF508C,#1A3C6E,#C6D6E8,1948
828,26817857,classic,#FF82AA,#A8704A,#0C0F14,#101014,#CEEAD6,1948
829,26825776,side_part,#96969C,#CE9264,#FFFFFF,#781E22,#FAE2C8,1956
830,26833695,long,#7A281E,#623C28,#8C64FF,#145448,#C8E2F0,1948
831,26841614,spiky,#96969C,#623C28,#FAC828,#2E2820,#F0C8D2,1950
832,26849533,long,#28B4AA,#F2C79B,#FFFFFF,#243028,#AAC4E2,1948
833,26857452,spiky,#783CA0,#845438,#FFFFFF,#3C424E,#E2E8F0,1950
834,26865371,fringe,#1E5A3C,#E8B082,#1D9BF0,#6E1E5A,#F0C8D2,1948
835,26873290,fringe,#FF603C,#E8B082,#FFFFFF,#5C3E22,#F3F5F8,1948
836,26881209,spiky,#F3F5F8,#BA845A,#3CDC78,#181E2C,#E2E8F0,1950
837,26889128,fringe,#3C82F0,#BA845A,#8C64FF,#482E1A,#EEE6AA,1948
838,26897047,buzz,#C83C28,#845438,#FFFFFF,#145448,#BCC8BE,1924
839,26904966,fringe,#FF603C,#E8B082,#AA50F0,#101014,#F3F5F8,1948
840,26912885,long,#96969C,#FCDCBA,#FF508C,#2E2820,#E8DAC4,1948
841,26920804,classic,#FF82AA,#F2C79B,#00DCDC,#6E1E5A,#E8DAC4,1948
842,26928723,classic,#3C424E,#CE9264,#1D9BF0,#1E5C2E,#EEE6AA,1948
843,26936642,long,#1E5A3C,#845438,#F0F078,#482E1A,#E8DAC4,1948
844,26944561,fringe,#783CA0,#E8B082,#00DCDC,#1A3C6E,#AAC4E2,1948
845,26952480,buzz,#FF603C,#A8704A,#FF508C,#145448,#F3F5F8,1924
846,26960399,side_part,#3C424E,#FCDCBA,#C8FF5A,#C8CCD4,#FAE2C8,1956
847,26968318,buzz,#3C82F0,#E8B082,#78FFF0,#C8AA3C,#DED6F6,1924
848,26976237,long,#C83C28,#CE9264,#1E5ADC,#C8CCD4,#EEE6AA,1948
849,26984156,long,#C83C28,#A8704A,#FF821E,#482E1A,#F3F5F8,1948
850,26992075,fringe,#7A281E,#FCDCBA,#78FFF0,#5C3E22,#BCC8BE,1948
851,26999994,buzz,#C83C28,#CE9264,#AA50F0,#2E2820,#C8E2F0,1924
852,27007913,spiky,#1E5A3C,#BA845A,#3CDC78,#A06E28,#C8E2F0,1950
853,27015832,long,#FF603C,#A8704A,#FF78C8,#5C3E22,#F0C8D2,1948
854,27023751,side_part,#28B4AA,#E8B082,#FF821E,#3C424E,#AAC4E2,1956
855,27031670,classic,#783CA0,#A8704A,#8C64FF,#3C424E,#AAC4E2,1948
856,27039589,side_part,#3C424E,#BA845A,#FF821E,#8C929E,#FAD0B0,1956
857,27047508,classic,#FF82AA,#623C28,#0C0F14,#5A6270,#FAE2C8,1948
858,27055427,buzz,#7A281E,#623C28,#0C0F14,#2E2820,#FFF6E8,1924
859,27063346,side_part,#5AC8FF,#A8704A,#FAC828,#1A3C6E,#C6D6E8,1956
860,27071265,fringe,#7A281E,#623C28,#00DCDC,#2E2820,#BCC8BE,1948
861,27079184,fringe,#241A12,#FCDCBA,#5AC8FF,#181E2C,#FFF6E8,1948
862,27087103,classic,#28B4AA,#CE9264,#8C64FF,#2C4664,#DED6F6,1948
863,27095022,buzz,#7A281E,#FCDCBA,#FFB45A,#101014,#E2E8F0,1924
864,27102941,side_part,#6EC850,#F2C79B,#FF78C8,#181E2C,#DED6F6,1956
865,27110860,spiky,#3C82F0,#CE9264,#FF508C,#2E2820,#F3F5F8,1950
866,27118779,buzz,#A88C60,#F2C79B,#3CFFBE,#2E2820,#E8DAC4,1924
867,27126698,side_part,#5AC8FF,#FCDCBA,#FF508C,#101014,#FABEC8,1956
868,27134617,long,#FF603C,#BA845A,#00DCDC,#101014,#FFF6E8,1948
869,27142536,long,#A88C60,#F2C79B,#FAC828,#145448,#EEE6AA,1948
870,27150455,buzz,#6EC850,#BA845A,#8C64FF,#3C424E,#FABEC8,1924
871,27158374,side_part,#5C3A1E,#FCDCBA,#FF821E,#181E2C,#CEEAD6,1956
872,27166293,side_part,#A88C60,#BA845A,#1D9BF0,#3C424E,#BCC8BE,1956
873,27174212,classic,#5C3A1E,#623C28,#AA50F0,#101014,#F3F5F8,1948
874,27182131,fringe,#A88C60,#A8704A,#FF821E,#181E2C,#DED6F6,1948
875,27190050,long,#F06028,#623C28,#F0F078,#101014,#F0C8D2,1948
876,27197969,side_part,#A88C60,#FCDCBA,#AA50F0,#5A6270,#F0C8D2,1956
877,27205888,buzz,#C83C28,#E8B082,#FF821E,#2E2820,#BCC8BE,1924
878,27213807,spiky,#6EC850,#E8B082,#8C64FF,#482E1A,#E2E8F0,1950
879,27221726,classic,#FF603C,#BA845A,#1D9BF0,#1E5C2E,#E2E8F0,1948
880,27229645,fringe,#F3F5F8,#BA845A,#AA50F0,#8C929E,#FFF6E8,1948
881,27237564,classic,#FF603C,#BA845A,#8C64FF,#5A6270,#C8E2F0,1948
882,27245483,long,#6EC850,#623C28,#00DCDC,#5A6270,#E8DAC4,1948
883,27253402,spiky,#FF82AA,#623C28,#AA50F0,#5C3E22,#F3F5F8,1950
884,27261321,buzz,#28B4AA,#CE9264,#5AC8FF,#2C4664,#FABEC8,1924
885,27269240,long,#F3F5F8,#623C28,#5AC8FF,#2C4664,#BCC8BE,1948
886,27277159,side_part,#E8D2A8,#CE9264,#5AC8FF,#243028,#DED6F6,1956
887,27285078,classic,#5AC8FF,#E8B082,#FF78C8,#F3F5F8,#C6D6E8,1948
888,27292997,classic,#FF82AA,#F2C79B,#8C64FF,#5A6270,#DED6F6,1948
889,27300916,long,#FAC828,#FCDCBA,#78FFF0,#2C4664,#F3F5F8,1948
890,27308835,classic,#E650BE,#E8B082,#00DCDC,#C8AA3C,#CEEAD6,1948
891,27316754,classic,#1E5A3C,#BA845A,#1E5ADC,#5C3E22,#FAD0B0,1948
892,27324673,classic,#3C424E,#E8B082,#FF821E,#145448,#FAE2C8,1948
893,27332592,fringe,#3C424E,#FCDCBA,#3CFFBE,#A06E28,#E8DAC4,1948
894,27340511,long,#241A12,#E8B082,#1D9BF0,#2C4664,#E2E8F0,1948
895,27348430,buzz,#C49252,#BA845A,#0C0F14,#F3F5F8,#BCC8BE,1924
896,27356349,classic,#8C5A2C,#FCDCBA,#FF78C8,#2C4664,#C8E2F0,1948
897,27364268,buzz,#FAC828,#F2C79B,#3CFFBE,#6E1E5A,#C8E2F0,1924
898,27372187,long,#C49252,#FCDCBA,#3CFFBE,#181E2C,#E2E8F0,1948
899,27380106,classic,#FAC828,#FCDCBA,#3CFFBE,#1A3C6E,#BCC8BE,1948
900,27388025,spiky,#C83C28,#623C28,#FAC828,#1A3C6E,#CEEAD6,1950
901,27395944,classic,#F3F5F8,#CE9264,#1E5ADC,#482E1A,#BCC8BE,1948
902,27403863,fringe,#5AC8FF,#A8704A,#AA50F0,#5A6270,#FAD0B0,1948
903,27411782,fringe,#8250DC,#E8B082,#FF508C,#8C929E,#EEE6AA,1948
904,27419701,fringe,#F3F5F8,#BA845A,#8C64FF,#101014,#FAE2C8,1948
905,27427620,buzz,#3C424E,#623C28,#F0F078,#2C4664,#E8DAC4,1924
906,27435539,side_part,#E650BE,#623C28,#1D9BF0,#1A3C6E,#F0C8D2,1956
907,27443458,long,#3C424E,#E8B082,#1D9BF0,#8C929E,#C6D6E8,1948
908,27451377,fringe,#F06028,#623C28,#FFB45A,#482E1A,#FFF6E8,1948
909,27459296,fringe,#783CA0,#CE9264,#5AC8FF,#3C2254,#BCC8BE,1948
910,27467215,classic,#7A281E,#845438,#AA50F0,#6E1E5A,#BCC8BE,1948
911,27475134,spiky,#28B4AA,#CE9264,#F0F078,#8C929E,#BCC8BE,1950
912,27483053,long,#5AC8FF,#845438,#FAC828,#5A6270,#F0C8D2,1948
913,27490972,classic,#6EC850,#623C28,#F0F078,#2E2820,#E8DAC4,1948
914,27498891,fringe,#5C3A1E,#BA845A,#5AC8FF,#101014,#FABEC8,1948
915,27506810,fringe,#FF603C,#CE9264,#00DCDC,#1A3C6E,#FAD0B0,1948
916,27514729,long,#5AC8FF,#623C28,#AA50F0,#C8AA3C,#C6D6E8,1948
917,27522648,spiky,#F3F5F8,#FCDCBA,#AA50F0,#482E1A,#F3F5F8,1950
918,27530567,classic,#C49252,#CE9264,#FF3C3C,#2C4664,#AAC4E2,1948
919,27538486,fringe,#5AC8FF,#845438,#AA50F0,#781E22,#CEEAD6,1948
920,27546405,classic,#8250DC,#F2C79B,#FF508C,#243028,#FABEC8,1948
921,27554324,buzz,#783CA0,#623C28,#FAC828,#1E5C2E,#CEEAD6,1924
922,27562243,fringe,#28B4AA,#BA845A,#FF3C3C,#243028,#E8DAC4,1948
923,27570162,spiky,#FAC828,#CE9264,#1E5ADC,#C8AA3C,#FABEC8,1950
924,27578081,buzz,#8C5A2C,#BA845A,#1D9BF0,#3C2254,#C6D6E8,1924
925,27586000,side_part,#FF82AA,#845438,#FF821E,#6E1E5A,#E2E8F0,1956
926,27593919,classic,#E650BE,#845438,#3CFFBE,#482E1A,#FABEC8,1948
927,27601838,long,#1E5A3C,#845438,#FF508C,#A06E28,#E2E8F0,1948
928,27609757,classic,#8250DC,#A8704A,#3CDC78,#8C929E,#C6D6E8,1948
929,27617676,buzz,#FAC828,#623C28,#3CDC78,#3C2254,#FAE2C8,1924
930,27625595,long,#5AC8FF,#FCDCBA,#0C0F14,#2C4664,#CEEAD6,1948
931,27633514,fringe,#28B4AA,#845438,#FF508C,#5C3E22,#DED6F6,1948
932,27641433,spiky,#121014,#FCDCBA,#8C64FF,#2E2820,#BCC8BE,1950
933,27649352,spiky,#A88C60,#E8B082,#FF3C3C,#C8AA3C,#EEE6AA,1950
934,27657271,buzz,#8250DC,#F2C79B,#78FFF0,#C8AA3C,#BCC8BE,1924
935,27665190,spiky,#121014,#E8B082,#78FFF0,#C8AA3C,#E2E8F0,1950
936,27673109,fringe,#C83C28,#BA845A,#F0F078,#145448,#CEEAD6,1948
937,27681028,buzz,#96969C,#623C28,#C8FF5A,#2E2820,#C8E2F0,1924
938,27688947,buzz,#F3F5F8,#F2C79B,#78FFF0,#3C2254,#E2E8F0,1924
939,27696866,classic,#6EC850,#A8704A,#FAC828,#181E2C,#E8DAC4,1948
940,27704785,long,#A88C60,#845438,#5AC8FF,#482E1A,#CEEAD6,1948
941,27712704,fringe,#1E5A3C,#F2C79B,#DC1E5A,#482E1A,#FAE2C8,1948
942,27720623,spiky,#8C5A2C,#A8704A,#DC1E5A,#781E22,#CEEAD6,1950
943,27728542,side_part,#C49252,#623C28,#00DCDC,#3C2254,#CEEAD6,1956
944,27736461,buzz,#6EC850,#CE9264,#00DCDC,#1A3C6E,#C6D6E8,1924
945,27744380,buzz,#8250DC,#CE9264,#1E5ADC,#781E22,#F3F5F8,1924
946,27752299,classic,#FF603C,#FCDCBA,#C8FF5A,#101014,#FABEC8,1948
947,27760218,buzz,#3C82F0,#623C28,#3CDC78,#482E1A,#FFF6E8,1924
948,27768137,side_part,#5AC8FF,#CE9264,#0C0F14,#482E1A,#AAC4E2,1956
949,27776056,side_part,#8C5A2C,#623C28,#FAC828,#8C929E,#C6D6E8,1956
950,27783975,fringe,#8C5A2C,#A8704A,#8C64FF,#781E22,#C6D6E8,1948
951,27791894,spiky,#FF603C,#845438,#F0F078,#482E1A,#BCC8BE,1950
952,27799813,buzz,#783CA0,#845438,#FF821E,#5C3E22,#FABEC8,1924
953,27807732,side_part,#8C5A2C,#F2C79B,#1E5ADC,#181E2C,#FABEC8,1956
954,27815651,fringe,#121014,#A8704A,#8C64FF,#F3F5F8,#FAD0B0,1948
955,27823570,side_part,#C49252,#CE9264,#5AC8FF,#1A3C6E,#F3F5F8,1956
956,27831489,classic,#783CA0,#E8B082,#FF508C,#1E5C2E,#F0C8D2,1948
957,27839408,spiky,#5AC8FF,#845438,#F0F078,#2E2820,#CEEAD6,1950
958,27847327,long,#783CA0,#845438,#C8FF5A,#3C2254,#FAE2C8,1948
959,27855246,long,#FF82AA,#E8B082,#1E5ADC,#5A6270,#BCC8BE,1948
960,27863165,classic,#1E5A3C,#E8B082,#1E5ADC,#101014,#AAC4E2,1948
961,27871084,side_part,#FF82AA,#623C28,#C8FF5A,#482E1A,#FAE2C8,1956
962,27879003,side_part,#FF603C,#BA845A,#0C0F14,#243028,#E2E8F0,1956
963,27886922,fringe,#6EC850,#623C28,#00DCDC,#A06E28,#FABEC8,1948
964,27894841,buzz,#783CA0,#E8B082,#00DCDC,#5A6270,#C8E2F0,1924
965,27902760,fringe,#F3F5F8,#E8B082,#8C64FF,#243028,#C8E2F0,1948
966,27910679,fringe,#A88C60,#623C28,#1E5ADC,#1A3C6E,#FAD0B0,1948
967,27918598,spiky,#6EC850,#845438,#FF821E,#F3F5F8,#C6D6E8,1950
968,27926517,classic,#FF603C,#E8B082,#5AC8FF,#6E1E5A,#EEE6AA,1948
969,27934436,spiky,#FF82AA,#A8704A,#00DCDC,#482E1A,#F0C8D2,1950
970,27942355,long,#C83C28,#CE9264,#F0F078,#1A3C6E,#C8E2F0,1948
971,27950274,spiky,#5AC8FF,#A8704A,#FF3C3C,#A06E28,#C8E2F0,1950
972,27958193,spiky,#F06028,#E8B082,#1D9BF0,#5C3E22,#F3F5F8,1950
973,27966112,long,#8C5A2C,#F2C79B,#8C64FF,#101014,#E8DAC4,1948
974,27974031,side_part,#A88C60,#845438,#3CFFBE,#C8CCD4,#F3F5F8,1956
975,27981950,fringe,#96969C,#A8704A,#5AC8FF,#1A3C6E,#AAC4E2,1948
976,27989869,spiky,#121014,#A8704A,#FF508C,#3C2254,#E2E8F0,1950
977,27997788,buzz,#5C3A1E,#A8704A,#1D9BF0,#3C424E,#FABEC8,1924
978,28005707,fringe,#28B4AA,#623C28,#5AC8FF,#5A6270,#FFF6E8,1948
979,28013626,classic,#E650BE,#E8B082,#1D9BF0,#6E1E5A,#E2E8F0,1948
980,28021545,buzz,#8C5A2C,#623C28,#F0F078,#145448,#FFF6E8,1924
981,28029464,fringe,#96969C,#BA845A,#8C64FF,#1A3C6E,#EEE6AA,1948
982,28037383,classic,#5AC8FF,#FCDCBA,#FAC828,#5C3E22,#EEE6AA,1948
983,28045302,spiky,#5AC8FF,#623C28,#8C64FF,#3C2254,#EEE6AA,1950
984,28053221,fringe,#F06028,#CE9264,#8C64FF,#145448,#AAC4E2,1948
985,28061140,classic,#3C424E,#CE9264,#FF508C,#5A6270,#C8E2F0,1948
986,28069059,spiky,#8250DC,#623C28,#FFFFFF,#2E2820,#F0C8D2,1950
987,28076978,buzz,#E650BE,#E8B082,#FF3C3C,#2C4664,#FAE2C8,1924
988,28084897,buzz,#1E5A3C,#FCDCBA,#FF78C8,#482E1A,#C6D6E8,1924
989,28092816,buzz,#7A281E,#FCDCBA,#1E5ADC,#A06E28,#FABEC8,1924
990,28100735,spiky,#F3F5F8,#FCDCBA,#DC1E5A,#F3F5F8,#E8DAC4,1950
991,28108654,long,#7A281E,#E8B082,#FAC828,#8C929E,#BCC8BE,1948
992,28116573,long,#7A281E,#FCDCBA,#FF821E,#482E1A,#E8DAC4,1948
993,28124492,classic,#FF82AA,#FCDCBA,#AA50F0,#5A6270,#BCC8BE,1948
994,28132411,fringe,#C83C28,#623C28,#0C0F14,#1A3C6E,#FAD0B0,1948
995,28140330,spiky,#C49252,#BA845A,#F0F078,#1A3C6E,#C6D6E8,1950
996,28148249,side_part,#A88C60,#F2C79B,#3CDC78,#2E2820,#C8E2F0,1956
997,28156168,classic,#C49252,#A8704A,#AA50F0,#A06E28,#F3F5F8,1948
998,28164087,classic,#C83C28,#E8B082,#FF821E,#101014,#CEEAD6,1948
999,28172006,classic,#783CA0,#BA845A,#0C0F14,#781E22,#FAD0B0,1948
1000,28179925,buzz,#3C82F0,#BA845A,#F0F078,#1E5C2E,#AAC4E2,1924
1001,28187844,long,#C49252,#BA845A,#1D9BF0,#781E22,#FAD0B0,1948
1002,28195763,fringe,#C83C28,#E8B082,#FAC828,#5A6270,#EEE6AA,1948
1003,28203682,fringe,#7A281E,#E8B082,#00DCDC,#8C929E,#FAE2C8,1948
1004,28211601,buzz,#C83C28,#FCDCBA,#1E5ADC,#243028,#E8DAC4,1924
1005,28219520,side_part,#783CA0,#F2C79B,#3CFFBE,#6E1E5A,#FFF6E8,1956
1006,28227439,fringe,#7A281E,#CE9264,#1D9BF0,#C8AA3C,#AAC4E2,1948
1007,28235358,long,#FF603C,#BA845A,#C8FF5A,#3C2254,#FAE2C8,1948
1008,28243277,long,#F06028,#E8B082,#AA50F0,#2E2820,#CEEAD6,1948
1009,28251196,side_part,#5AC8FF,#FCDCBA,#FFB45A,#8C929E,#E2E8F0,1956
1010,28259115,spiky,#C83C28,#A8704A,#FF508C,#2E2820,#FAD0B0,1950
1011,28267034,spiky,#96969C,#BA845A,#8C64FF,#181E2C,#F0C8D2,1950
1012,28274953,long,#F3F5F8,#623C28,#DC1E5A,#482E1A,#FAE2C8,1948
1013,28282872,buzz,#E650BE,#E8B082,#3CFFBE,#5A6270,#DED6F6,1924
1014,28290791,spiky,#F06028,#845438,#8C64FF,#482E1A,#FABEC8,1950
1015,28298710,side_part,#1E5A3C,#623C28,#5AC8FF,#A06E28,#FABEC8,1956
1016,28306629,fringe,#A88C60,#A8704A,#FF821E,#145448,#FFF6E8,1948
1017,28314548,fringe,#96969C,#623C28,#C8FF5A,#2C4664,#F3F5F8,1948
1018,28322467,fringe,#FF82AA,#FCDCBA,#1E5ADC,#482E1A,#CEEAD6,1948
1019,28330386,long,#5AC8FF,#FCDCBA,#FF3C3C,#482E1A,#E2E8F0,1948
1020,28338305,spiky,#FF82AA,#623C28,#DC1E5A,#8C929E,#BCC8BE,1950
1021,28346224,side_part,#783CA0,#F2C79B,#FAC828,#1A3C6E,#FFF6E8,1956
1022,28354143,classic,#7A281E,#E8B082,#FF3C3C,#F3F5F8,#EEE6AA,1948
1023,28362062,buzz,#FAC828,#E8B082,#3CFFBE,#F3F5F8,#AAC4E2,1924
1024,28369981,long,#5C3A1E,#623C28,#0C0F14,#2E2820,#DED6F6,1948
1025,28377900,side_part,#241A12,#623C28,#FFB45A,#2C4664,#EEE6AA,1956
1026,28385819,side_part,#C83C28,#FCDCBA,#FF508C,#8C929E,#E2E8F0,1956
1027,28393738,classic,#121014,#BA845A,#FF78C8,#1E5C2E,#C6D6E8,1948
1028,28401657,spiky,#3C424E,#FCDCBA,#0C0F14,#145448,#FABEC8,1950
1029,28409576,spiky,#3C82F0,#845438,#8C64FF,#3C2254,#F3F5F8,1950
1030,28417495,side_part,#8250DC,#FCDCBA,#1D9BF0,#482E1A,#FFF6E8,1956
1031,28425414,classic,#FF82AA,#FCDCBA,#8C64FF,#5C3E22,#E8DAC4,1948
1032,28433333,spiky,#5AC8FF,#A8704A,#3CDC78,#A06E28,#F3F5F8,1950
1033,28441252,classic,#F3F5F8,#845438,#FF821E,#482E1A,#CEEAD6,1948
1034,28449171,buzz,#5AC8FF,#F2C79B,#DC1E5A,#8C929E,#C8E2F0,1924
1035,28457090,side_part,#FAC828,#623C28,#0C0F14,#3C2254,#C6D6E8,1956
1036,28465009,spiky,#5C3A1E,#BA845A,#1D9BF0,#101014,#DED6F6,1950
1037,28472928,classic,#1E5A3C,#E8B082,#8C64FF,#781E22,#BCC8BE,1948
1038,28480847,buzz,#FAC828,#E8B082,#FF508C,#C8AA3C,#DED6F6,1924
1039,28488766,spiky,#F06028,#F2C79B,#1E5ADC,#6E1E5A,#F3F5F8,1950
1040,28496685,fringe,#E650BE,#FCDCBA,#FF821E,#A06E28,#C8E2F0,1948
1041,28504604,spiky,#1E5A3C,#FCDCBA,#C8FF5A,#5C3E22,#C8E2F0,1950
1042,28512523,classic,#FAC828,#845438,#1D9BF0,#145448,#CEEAD6,1948
1043,28520442,spiky,#3C424E,#F2C79B,#FF821E,#5C3E22,#F0C8D2,1950
1044,28528361,fringe,#28B4AA,#845438,#78FFF0,#8C929E,#EEE6AA,1948
1045,28536280,long,#8C5A2C,#845438,#78FFF0,#3C424E,#FAD0B0,1948
1046,28544199,fringe,#E650BE,#623C28,#DC1E5A,#781E22,#FFF6E8,1948
1047,28552118,side_part,#C83C28,#CE9264,#FFFFFF,#3C424E,#C6D6E8,1956
1048,28560037,buzz,#1E5A3C,#BA845A,#3CDC78,#2C4664,#F3F5F8,1924
1049,28567956,side_part,#FAC828,#F2C79B,#3CDC78,#781E22,#F0C8D2,1956
1050,28575875,long,#F06028,#FCDCBA,#1D9BF0,#3C2254,#C6D6E8,1948
1051,28583794,buzz,#8C5A2C,#845438,#0C0F14,#243028,#FAE2C8,1924
1052,28591713,spiky,#783CA0,#845438,#FFB45A,#2E2820,#EEE6AA,1950
1053,28599632,fringe,#E8D2A8,#BA845A,#78FFF0,#3C2254,#FAD0B0,1948
1054,28607551,long,#FF603C,#F2C79B,#3CDC78,#482E1A,#DED6F6,1948
1055,28615470,side_part,#F06028,#F2C79B,#1D9BF0,#C8AA3C,#E8DAC4,1956
1056,28623389,classic,#E650BE,#BA845A,#FF821E,#181E2C,#AAC4E2,1948
1057,28631308,long,#C49252,#845438,#FF821E,#3C424E,#FFF6E8,1948
1058,28639227,fringe,#3C82F0,#BA845A,#3CDC78,#3C424E,#CEEAD6,1948
1059,28647146,spiky,#FF82AA,#CE9264,#DC1E5A,#2C4664,#FAE2C8,1950
1060,28655065,long,#F3F5F8,#BA845A,#FF78C8,#3C2254,#BCC8BE,1948
1061,28662984,fringe,#8C5A2C,#623C28,#FAC828,#243028,#FAD0B0,1948
1062,28670903,classic,#F06028,#E8B082,#78FFF0,#181E2C,#C6D6E8,1948
1063,28678822,buzz,#F06028,#E8B082,#FAC828,#5C3E22,#C8E2F0,1924
1064,28686741,buzz,#E8D2A8,#CE9264,#FAC828,#6E1E5A,#EEE6AA,1924
1065,28694660,classic,#A88C60,#CE9264,#0C0F14,#C8AA3C,#FFF6E8,1948
1066,28702579,long,#FF603C,#623C28,#AA50F0,#A06E28,#AAC4E2,1948
1067,28710498,long,#241A12,#FCDCBA,#1E5ADC,#5C3E22,#FFF6E8,1948
1068,28718417,buzz,#E650BE,#623C28,#FAC828,#5A6270,#E2E8F0,1924
1069,28726336,fringe,#783CA0,#623C28,#F0F078,#243028,#F3F5F8,1948
1070,28734255,fringe,#28B4AA,#623C28,#FF78C8,#3C424E,#FAD0B0,1948
1071,28742174,classic,#FAC828,#BA845A,#78FFF0,#145448,#AAC4E2,1948
1072,28750093,fringe,#8C5A2C,#845438,#FF78C8,#1E5C2E,#E2E8F0,1948
1073,28758012,side_part,#FF82AA,#BA845A,#FF3C3C,#243028,#F0C8D2,1956
1074,28765931,long,#1E5A3C,#BA845A,#FAC828,#8C929E,#F0C8D2,1948
1075,28773850,buzz,#8250DC,#F2C79B,#FF821E,#3C2254,#DED6F6,1924
1076,28781769,long,#3C82F0,#CE9264,#FF3C3C,#145448,#FFF6E8,1948
1077,28789688,long,#8C5A2C,#845438,#3CDC78,#181E2C,#E2E8F0,1948
1078,28797607,buzz,#E8D2A8,#A8704A,#AA50F0,#1A3C6E,#BCC8BE,1924
1079,28805526,spiky,#1E5A3C,#A8704A,#FF508C,#145448,#E2E8F0,1950
1080,28813445,long,#6EC850,#FCDCBA,#C8FF5A,#C8AA3C,#EEE6AA,1948
1081,28821364,fringe,#7A281E,#E8B082,#FF508C,#145448,#C6D6E8,1948
1082,28829283,fringe,#E650BE,#E8B082,#3CFFBE,#482E1A,#AAC4E2,1948
1083,28837202,classic,#121014,#623C28,#FF508C,#243028,#C8E2F0,1948
1084,28845121,classic,#FF603C,#A8704A,#FF508C,#2E2820,#F0C8D2,1948
1085,28853040,side_part,#8250DC,#E8B082,#1D9BF0,#101014,#FABEC8,1956
1086,28860959,long,#3C424E,#CE9264,#FAC828,#5C3E22,#E2E8F0,1948
1087,28868878,classic,#3C424E,#F2C79B,#8C64FF,#3C2254,#E2E8F0,1948
1088,28876797,side_part,#3C82F0,#A8704A,#3CDC78,#5C3E22,#AAC4E2,1956
1089,28884716,fringe,#8C5A2C,#FCDCBA,#FF78C8,#C8AA3C,#F3F5F8,1948
1090,28892635,classic,#5AC8FF,#845438,#FF78C8,#1E5C2E,#E8DAC4,1948
1091,28900554,buzz,#5AC8FF,#BA845A,#FF78C8,#5A6270,#C8E2F0,1924
1092,28908473,fringe,#3C424E,#E8B082,#00DCDC,#8C929E,#DED6F6,1948
1093,28916392,classic,#F06028,#A8704A,#00DCDC,#2C4664,#E2E8F0,1948
1094,28924311,classic,#C83C28,#A8704A,#1E5ADC,#243028,#F3F5F8,1948
1095,28932230,side_part,#3C424E,#FCDCBA,#00DCDC,#6E1E5A,#FAE2C8,1956
1096,28940149,buzz,#6EC850,#FCDCBA,#3CFFBE,#C8AA3C,#DED6F6,1924
1097,28948068,classic,#FF603C,#845438,#8C64FF,#A06E28,#EEE6AA,1948
1098,28955987,buzz,#FF603C,#A8704A,#AA50F0,#5A6270,#FFF6E8,1924
1099,28963906,classic,#F3F5F8,#F2C79B,#8C64FF,#781E22,#CEEAD6,1948
1100,28971825,fringe,#A88C60,#FCDCBA,#00DCDC,#243028,#E2E8F0,1948
1101,28979744,classic,#F3F5F8,#A8704A,#AA50F0,#A06E28,#EEE6AA,1948
1102,28987663,spiky,#8C5A2C,#845438,#C8FF5A,#C8AA3C,#C6D6E8,1950
1103,28995582,fringe,#8250DC,#FCDCBA,#C8FF5A,#5C3E22,#C8E2F0,1948
1104,29003501,side_part,#783CA0,#F2C79B,#C8FF5A,#101014,#F0C8D2,1956
1105,29011420,long,#A88C60,#E8B082,#5AC8FF,#3C424E,#CEEAD6,1948
1106,29019339,buzz,#783CA0,#845438,#FF508C,#A06E28,#C6D6E8,1924
1107,29027258,classic,#FF603C,#A8704A,#1D9BF0,#3C2254,#FAD0B0,1948
1108,29035177,classic,#E650BE,#F2C79B,#5AC8FF,#181E2C,#C6D6E8,1948
1109,29043096,classic,#FAC828,#A8704A,#3CFFBE,#F3F5F8,#C6D6E8,1948
1110,29051015,classic,#7A281E,#FCDCBA,#1E5ADC,#781E22,#E8DAC4,1948
1111,29058934,long,#E8D2A8,#BA845A,#5AC8FF,#8C929E,#CEEAD6,1948
