rank,index,tier,score,hair_style,hair,eyes,suit,shirt,skin,image,seed
1,47,Mythic,167.7764,Fringe / Bangs,Magenta,Amber,Silver Grey,Ivory,Tan,0047.png,20633118
2,280,Mythic,160.3031,Spiky,White,Tangerine,Silver Grey,Butter,Olive,0280.png,22478245
3,645,Mythic,155.8051,Side Part,Blond,Aqua,Silver Grey,Cream,Brown,0645.png,25368680
4,338,Mythic,155.7978,Fringe / Bangs,White,Bubblegum,Silver Grey,White,Deep Brown,0338.png,22937547
5,644,Mythic,152.3511,Buzz Cut,Sky Blue,X Black,Silver Grey,Peach,Porcelain,0644.png,25360761
6,334,Mythic,151.3415,Spiky,Sky Blue,Pure White,Silver Grey,White,Fair,0334.png,22905871
7,846,Mythic,149.3827,Side Part,Charcoal,Lime,Silver Grey,Cream,Porcelain,0846.png,26960399
8,974,Mythic,148.5375,Side Part,Sandy,Aqua,Silver Grey,White,Brown,0974.png,27974031
9,848,Mythic,147.0899,Long,Red,Royal Blue,Silver Grey,Butter,Medium,0848.png,26976237
10,358,Mythic,146.4566,Fringe / Bangs,Sandy,Cyan,Silver Grey,Butter,Deep Brown,0358.png,23095927
11,610,Mythic,143.112,Classic Cut,Violet,Periwinkle,Silver Grey,Ivory,Deep Brown,0610.png,25091515
12,317,Legendary,141.7603,Buzz Cut,Violet,Lime,Silver Grey,Butter,Brown,0317.png,22771248
13,77,Legendary,140.1238,Long,Pine Green,Lime,Silver Grey,Ivory,Light,0077.png,20870688
14,373,Legendary,139.6286,Fringe / Bangs,Yellow,Lime,Silver Grey,Ivory,Tan,0373.png,23214712
15,598,Legendary,120.7487,Fringe / Bangs,Pale Blond,Amber,Forest Green,Cream,Brown,0598.png,24996487
16,97,Legendary,120.4532,Fringe / Bangs,Brown,Tangerine,White,Blush,Olive,0097.png,21029068
17,181,Legendary,119.369,Buzz Cut,Brown,Amber,Slate Grey,Lavender,Brown,0181.png,21694264
18,385,Legendary,117.7452,Long,Teal,Lemon,White,Sky,Brown,0385.png,23309740
19,399,Legendary,117.1697,Fringe / Bangs,Pale Blond,Bubblegum,White,Sage,Tan,0399.png,23420606
20,494,Legendary,114.8622,Fringe / Bangs,Charcoal,Amber,Midnight Navy,Mint,Brown,0494.png,24172911
21,705,Legendary,114.5586,Buzz Cut,White,Amber,Forest Green,Peach,Deep Brown,0705.png,25843820
22,503,Legendary,114.2944,Buzz Cut,Purple,Pure White,White,Rose,Olive,0503.png,24244182
23,103,Legendary,114.2549,Long,Dark Brown,Emerald,White,Sand,Light,0103.png,21076582
24,58,Legendary,113.9921,Classic Cut,Jet Black,Emerald,White,Butter,Medium,0058.png,20720227
25,954,Legendary,113.9588,Fringe / Bangs,Jet Black,Periwinkle,White,Peach,Tan,0954.png,27815651
26,667,Legendary,113.9236,Side Part,Blue,Amber,Denim Blue,Ice Blue,Porcelain,0667.png,25542898
27,967,Legendary,113.7622,Spiky,Green,Tangerine,White,Sky,Brown,0967.png,27918598
28,1025,Legendary,113.7249,Side Part,Dark Brown,Amber,Denim Blue,Butter,Deep Brown,1025.png,28377900
29,18,Legendary,113.071,Long,Jet Black,Hot Pink,White,Sand,Tan,0018.png,20403467
30,1000,Legendary,112.5458,Buzz Cut,Blue,Lemon,Forest Green,Pale Blue,Olive,1000.png,28179925
31,701,Legendary,112.5286,Spiky,Blue,Amber,Navy,Lavender,Tan,0701.png,25812144
32,502,Legendary,112.4748,Long,Charcoal,Emerald,White,Pale Blue,Olive,0502.png,24236263
33,178,Legendary,112.3055,Side Part,Blue,Hot Pink,White,Butter,Medium,0178.png,21670507
34,829,Legendary,112.2697,Side Part,Silver,Pure White,Maroon,Cream,Medium,0829.png,26825776
35,78,Legendary,112.2629,Fringe / Bangs,Blond,X Black,White,Sand,Porcelain,0078.png,20878607
36,26,Legendary,111.952,Buzz Cut,Orange,Ice Blue,White,Pale Blue,Light,0026.png,20466819
37,1022,Legendary,111.6536,Classic Cut,Auburn,Crimson,White,Butter,Light,1022.png,28354143
38,113,Legendary,111.6505,Spiky,Coral,Amber,Maroon,Ice Blue,Deep Brown,0113.png,21155772
39,578,Legendary,111.3549,Buzz Cut,Dark Brown,Raspberry,White,Sage,Brown,0578.png,24838107
40,990,Legendary,111.0027,Spiky,White,Raspberry,White,Sand,Porcelain,0990.png,28100735
41,669,Legendary,110.6888,Fringe / Bangs,Purple,Amber,Black,Cream,Deep Brown,0669.png,25558736
42,43,Legendary,110.6236,Long,Green,Bubblegum,White,Sky,Medium,0043.png,20601442
43,684,Legendary,110.5327,Long,Dark Brown,X Blue,White,Blush,Olive,0684.png,25677521
44,534,Legendary,110.4561,Classic Cut,Magenta,Amber,Teal,Butter,Porcelain,0534.png,24489671
45,378,Legendary,110.4187,Classic Cut,Brown,Crimson,Teal,Pale Blue,Olive,0378.png,23254307
46,460,Legendary,109.9109,Side Part,Pale Blond,Crimson,Maroon,Sage,Medium,0460.png,23903665
47,1023,Legendary,109.811,Buzz Cut,Yellow,Aqua,White,Pale Blue,Light,1023.png,28362062
48,895,Legendary,109.6412,Buzz Cut,Blond,X Black,White,Sage,Olive,0895.png,27348430
49,871,Legendary,109.444,Side Part,Brown,Tangerine,Midnight Navy,Mint,Porcelain,0871.png,27158374
50,517,Legendary,109.3924,Classic Cut,Pale Blond,Bubblegum,Maroon,Peach,Fair,0517.png,24355048
51,545,Legendary,109.3713,Long,Pale Blond,Crimson,Midnight Navy,Sage,Deep Brown,0545.png,24576780
52,193,Legendary,109.288,Spiky,Orange,Amber,Espresso,White,Deep Brown,0193.png,21789292
53,626,Legendary,109.1681,Buzz Cut,Jet Black,Lemon,Slate Grey,Sage,Tan,0626.png,25218219
54,522,Legendary,109.0771,Classic Cut,Blond,X Blue,White,Peach,Medium,0522.png,24394643
55,435,Legendary,108.8884,Spiky,Magenta,Raspberry,White,Butter,Light,0435.png,23705690
56,566,Epic,108.8696,Side Part,Blue,Crimson,Midnight Navy,Lavender,Medium,0566.png,24743079
57,617,Epic,108.6535,Fringe / Bangs,Purple,Amber,Gold,Blush,Brown,0617.png,25146948
58,627,Epic,108.5105,Fringe / Bangs,Silver,Crimson,Black,Cream,Porcelain,0627.png,25226138
59,474,Epic,108.3045,Fringe / Bangs,Teal,Royal Blue,White,Pale Blue,Medium,0474.png,24014531
60,658,Epic,108.2266,Buzz Cut,Purple,Amber,Light Grey,Rose,Tan,0658.png,25471627
61,612,Epic,107.9023,Side Part,Silver,Lemon,Black,Sky,Tan,0612.png,25107353
62,660,Epic,107.8071,Fringe / Bangs,White,Cyan,White,Rose,Light,0660.png,25487465
63,34,Epic,107.7647,Buzz Cut,Brown,Crimson,Steel Grey,Mint,Brown,0034.png,20530171
64,452,Epic,107.6933,Buzz Cut,Orange,Lemon,Plum,Pale Blue,Brown,0452.png,23840313
65,553,Epic,107.6579,Fringe / Bangs,Pale Blond,Amethyst,Midnight Navy,Pale Blue,Fair,0553.png,24640132
66,682,Epic,107.5684,Long,Chestnut,Amber,Slate Grey,Mint,Tan,0682.png,25661683
67,501,Epic,107.4418,Long,Jet Black,Lemon,Teal,Blush,Brown,0501.png,24228344
68,441,Epic,107.1893,Side Part,Green,Turquoise,White,Sage,Fair,0441.png,23753204
69,772,Epic,106.7902,Side Part,Chestnut,Amber,Espresso,Ice Blue,Deep Brown,0772.png,26374393
70,213,Epic,106.7142,Fringe / Bangs,Chestnut,Amber,Gold,Lavender,Brown,0213.png,21947672
71,621,Epic,106.4854,Spiky,Silver,Pure White,Teal,Ice Blue,Medium,0621.png,25178624
72,437,Epic,106.4743,Buzz Cut,Pine Green,Aqua,White,Sky,Deep Brown,0437.png,23721528
73,704,Epic,106.4255,Classic Cut,Brown,X Black,Slate Grey,Peach,Porcelain,0704.png,25835901
74,369,Epic,106.2768,Long,Teal,Amber,Gold,Ivory,Brown,0369.png,23183036
75,745,Epic,106.2741,Buzz Cut,Brown,Pure White,Slate Grey,Ice Blue,Tan,0745.png,26160580
76,732,Epic,105.9487,Buzz Cut,Auburn,Amber,Light Grey,Sand,Brown,0732.png,26057633
77,1052,Epic,105.7411,Spiky,Violet,Amber,Espresso,Butter,Brown,1052.png,28591713
78,1056,Epic,105.7329,Classic Cut,Magenta,Tangerine,Midnight Navy,Pale Blue,Olive,1056.png,28623389
79,589,Epic,105.6276,Buzz Cut,Brown,Turquoise,Maroon,Peach,Medium,0589.png,24925216
80,19,Epic,105.3574,Side Part,Teal,Turquoise,White,Blush,Brown,0019.png,20411386
81,401,Epic,105.3154,Fringe / Bangs,Pink,Amber,Light Grey,Lavender,Porcelain,0401.png,23436444
82,328,Epic,105.2322,Side Part,Violet,Emerald,White,Butter,Fair,0328.png,22858357
83,595,Epic,105.0777,Spiky,Chestnut,Amber,Navy,Rose,Porcelain,0595.png,24972730
84,887,Epic,105.0288,Classic Cut,Sky Blue,Bubblegum,White,Sky,Light,0887.png,27285078
85,487,Epic,104.8561,Spiky,Jet Black,Turquoise,Midnight Navy,Pale Blue,Olive,0487.png,24117478
86,27,Epic,104.831,Buzz Cut,Chestnut,Lemon,Midnight Navy,Ice Blue,Deep Brown,0027.png,20474738
87,905,Epic,104.8264,Buzz Cut,Charcoal,Lemon,Denim Blue,Sand,Deep Brown,0905.png,27427620
88,1109,Epic,104.6858,Classic Cut,Yellow,Aqua,White,Sky,Tan,1109.png,29043096
89,737,Epic,104.5764,Classic Cut,Pale Blond,Bubblegum,Midnight Navy,Off White,Light,0737.png,26097228
90,189,Epic,104.477,Buzz Cut,Jet Black,Crimson,Light Grey,Mint,Brown,0189.png,21757616
91,192,Epic,104.304,Fringe / Bangs,Brown,Pure White,Slate Grey,Ivory,Medium,0192.png,21781373
92,716,Epic,104.2972,Long,Charcoal,Lemon,Brown,White,Medium,0716.png,25930929
93,175,Epic,104.2163,Classic Cut,Brown,Lemon,Cocoa,Rose,Tan,0175.png,21646750
94,771,Epic,104.1691,Classic Cut,Teal,Amber,Denim Blue,Blush,Tan,0771.png,26366474
95,913,Epic,104.1183,Classic Cut,Green,Lemon,Espresso,Sand,Deep Brown,0913.png,27490972
96,703,Epic,104.0638,Spiky,Silver,Pure White,Teal,Blush,Medium,0703.png,25827982
97,593,Epic,103.9136,Classic Cut,Coral,Amber,Black,Rose,Porcelain,0593.png,24956892
98,806,Epic,103.7306,Spiky,Blond,Lemon,Slate Grey,Blush,Olive,0806.png,26643639
99,255,Epic,103.5708,Side Part,Silver,X Blue,Maroon,Mint,Brown,0255.png,22280270
100,126,Epic,103.3925,Buzz Cut,Sandy,Amber,Bronze,Rose,Porcelain,0126.png,21258719
101,281,Epic,103.3519,Long,Coral,Cyan,White,Rose,Brown,0281.png,22486164
102,597,Epic,103.0437,Buzz Cut,Silver,Gold,Forest Green,Pale Blue,Olive,0597.png,24988568
103,908,Epic,102.8161,Fringe / Bangs,Orange,Amber,Cocoa,Ivory,Deep Brown,0908.png,27451377
104,480,Epic,102.8059,Classic Cut,Auburn,Lemon,Forest Green,Pale Blue,Brown,0480.png,24062045
105,410,Epic,102.6623,Buzz Cut,Pink,Lemon,Brown,Ice Blue,Deep Brown,0410.png,23507715
106,319,Epic,102.6262,Fringe / Bangs,Blue,Hot Pink,Maroon,Pale Blue,Olive,0319.png,22787086
107,151,Epic,102.5715,Buzz Cut,Dark Brown,Crimson,Plum,Off White,Tan,0151.png,21456694
108,1076,Epic,102.4917,Long,Blue,Crimson,Teal,Ivory,Medium,1076.png,28781769
109,689,Epic,102.4112,Buzz Cut,Brown,Tangerine,Black,Butter,Tan,0689.png,25717116
110,119,Epic,102.3608,Spiky,Silver,Royal Blue,Brown,Pale Blue,Light,0119.png,21203286
111,500,Epic,102.313,Spiky,Dark Brown,Ice Blue,Midnight Navy,Sand,Medium,0500.png,24220425
112,31,Epic,102.152,Fringe / Bangs,Pale Blond,Ice Blue,Maroon,White,Fair,0031.png,20506414
113,727,Epic,102.1301,Spiky,Sky Blue,Lemon,Forest Green,Peach,Olive,0727.png,26018038
114,672,Epic,102.0834,Spiky,Blue,Tangerine,Denim Blue,Butter,Deep Brown,0672.png,25582493
115,433,Epic,102.0671,Spiky,Silver,Royal Blue,Brown,Cream,Light,0433.png,23689852
116,451,Epic,102.053,Buzz Cut,Blond,Crimson,Espresso,Pale Blue,Medium,0451.png,23832394
117,987,Epic,102.0059,Buzz Cut,Magenta,Crimson,Denim Blue,Cream,Light,0987.png,28076978
118,1009,Epic,101.91,Side Part,Sky Blue,Amber,Light Grey,Off White,Porcelain,1009.png,28251196
119,156,Epic,101.9043,Long,Purple,Crimson,Brown,Ice Blue,Medium,0156.png,21496289
120,628,Epic,101.8985,Classic Cut,Blond,Crimson,Steel Grey,Cream,Medium,0628.png,25234057
121,854,Epic,101.8963,Side Part,Teal,Tangerine,Slate Grey,Pale Blue,Light,0854.png,27023751
122,288,Epic,101.8189,Classic Cut,Brown,Bubblegum,Teal,Off White,Fair,0288.png,22541597
123,14,Epic,101.8059,Long,Silver,Amethyst,Deep Purple,Peach,Light,0014.png,20371791
124,863,Epic,101.7665,Buzz Cut,Auburn,Amber,Black,Off White,Porcelain,0863.png,27095022
125,936,Epic,101.7513,Fringe / Bangs,Red,Lemon,Teal,Mint,Olive,0936.png,27673109
126,1024,Epic,101.6432,Long,Brown,X Black,Espresso,Lavender,Deep Brown,1024.png,28369981
127,120,Epic,101.6164,Side Part,Silver,Ice Blue,Brown,Mint,Deep Brown,0120.png,21211205
128,821,Epic,101.5273,Classic Cut,Blue,Raspberry,Slate Grey,Pale Blue,Fair,0821.png,26762424
129,1,Epic,101.4908,Classic Cut,Pine Green,Pure White,Midnight Navy,Pale Blue,Fair,0001.png,20268844
130,466,Epic,101.4044,Long,Sandy,Lemon,Gold,Sand,Medium,0466.png,23951179
131,93,Epic,101.3375,Spiky,Jet Black,Cyan,Slate Grey,Pale Blue,Olive,0093.png,20997392
132,48,Epic,101.2522,Spiky,Purple,Crimson,Steel Grey,Lavender,Fair,0048.png,20641037
133,289,Epic,101.2124,Fringe / Bangs,Pale Blond,X Black,Navy,Butter,Olive,0289.png,22549516
134,892,Epic,101.2088,Classic Cut,Charcoal,Tangerine,Teal,Cream,Light,0892.png,27324673
135,354,Epic,101.208,Fringe / Bangs,Silver,Turquoise,Forest Green,Ice Blue,Deep Brown,0354.png,23064251
136,81,Epic,100.9856,Spiky,Blue,Pure White,Denim Blue,Rose,Deep Brown,0081.png,20902364
137,174,Epic,100.9688,Long,Dark Brown,Pure White,Slate Grey,Blush,Tan,0174.png,21638831
138,372,Epic,100.9273,Fringe / Bangs,Silver,X Black,Denim Blue,Off White,Olive,0372.png,23206793
139,620,Epic,100.9154,Long,White,Crimson,Plum,Butter,Porcelain,0620.png,25170705
140,718,Epic,100.91,Buzz Cut,Brown,Pure White,Bronze,Off White,Fair,0718.png,25946767
141,995,Epic,100.8372,Spiky,Blond,Lemon,Navy,Sky,Olive,0995.png,28140330
142,1053,Epic,100.8168,Fringe / Bangs,Pale Blond,Turquoise,Deep Purple,Peach,Olive,1053.png,28599632
143,1011,Epic,100.7804,Spiky,Silver,Periwinkle,Midnight Navy,Blush,Olive,1011.png,28267034
144,975,Epic,100.7208,Fringe / Bangs,Silver,Ice Blue,Navy,Pale Blue,Tan,0975.png,27981950
145,922,Epic,100.7122,Fringe / Bangs,Teal,Crimson,Moss,Sand,Olive,0922.png,27562243
146,355,Epic,100.7038,Spiky,Pale Blond,Cyan,Teal,Cream,Deep Brown,0355.png,23072170
147,1088,Epic,100.6473,Side Part,Blue,Emerald,Brown,Pale Blue,Tan,1088.png,28876797
148,918,Epic,100.6204,Classic Cut,Blond,Crimson,Denim Blue,Pale Blue,Medium,0918.png,27530567
149,856,Epic,100.552,Side Part,Charcoal,Tangerine,Light Grey,Peach,Olive,0856.png,27039589
150,687,Epic,100.4917,Spiky,Orange,X Black,Maroon,Ice Blue,Porcelain,0687.png,25701278
151,1027,Epic,100.477,Classic Cut,Jet Black,Bubblegum,Forest Green,Sky,Olive,1027.png,28393738
152,456,Epic,100.4106,Long,Sandy,Lemon,Gold,Ice Blue,Brown,0456.png,23871989
153,366,Epic,100.2796,Classic Cut,Blue,Pure White,Denim Blue,Rose,Medium,0366.png,23159279
154,438,Epic,100.2117,Long,Sandy,Amber,Cocoa,Butter,Deep Brown,0438.png,23729447
155,201,Epic,100.174,Side Part,Pale Blond,X Blue,Espresso,Cream,Tan,0201.png,21852644
156,247,Epic,100.1735,Side Part,Teal,Crimson,Denim Blue,Peach,Medium,0247.png,22216918
157,784,Epic,100.1596,Buzz Cut,Chestnut,Crimson,Moss,Pale Blue,Olive,0784.png,26469421
158,568,Epic,100.0374,Fringe / Bangs,Magenta,Pure White,Forest Green,Sand,Brown,0568.png,24758917
159,74,Epic,100.0069,Long,Charcoal,Lemon,Black,Blush,Deep Brown,0074.png,20846931
160,875,Epic,100.0069,Long,Orange,Lemon,Black,Blush,Deep Brown,0875.png,27190050
161,911,Epic,99.9928,Spiky,Teal,Lemon,Light Grey,Sage,Medium,0911.png,27475134
162,977,Epic,99.9064,Buzz Cut,Brown,X Blue,Slate Grey,Rose,Tan,0977.png,27997788
163,210,Epic,99.8824,Classic Cut,Silver,Ice Blue,Bronze,Cream,Olive,0210.png,21923915
164,79,Epic,99.8641,Classic Cut,Red,Lemon,Plum,Rose,Tan,0079.png,20886526
165,697,Epic,99.8432,Spiky,Sky Blue,Amber,Cocoa,Ice Blue,Deep Brown,0697.png,25780468
166,970,Epic,99.8242,Long,Red,Lemon,Navy,Ice Blue,Medium,0970.png,27942355
167,38,Rare,99.824,Fringe / Bangs,White,Bubblegum,Slate Grey,Sand,Tan,0038.png,20561847
168,770,Rare,99.8223,Fringe / Bangs,Pale Blond,Emerald,Steel Grey,Mint,Brown,0770.png,26358555
169,864,Rare,99.8041,Side Part,Green,Bubblegum,Midnight Navy,Lavender,Fair,0864.png,27102941
170,436,Rare,99.7938,Long,Silver,X Blue,Maroon,Ivory,Tan,0436.png,23713609
171,479,Rare,99.7045,Fringe / Bangs,Magenta,Tangerine,Light Grey,Cream,Tan,0479.png,24054126
172,446,Rare,99.6088,Classic Cut,Pale Blond,Turquoise,Plum,Sand,Light,0446.png,23792799
173,127,Rare,99.5664,Buzz Cut,Pale Blond,Raspberry,Forest Green,Ice Blue,Light,0127.png,21266638
174,232,Rare,99.5334,Side Part,Silver,Turquoise,Moss,Off White,Fair,0232.png,22098133
175,886,Rare,99.4539,Side Part,Pale Blond,Ice Blue,Moss,Lavender,Medium,0886.png,27277159
176,1058,Rare,99.372,Fringe / Bangs,Blue,Emerald,Slate Grey,Mint,Olive,1058.png,28639227
177,492,Rare,99.3699,Side Part,Pale Blond,Ice Blue,Moss,Rose,Porcelain,0492.png,24157073
178,332,Rare,99.3485,Classic Cut,Blond,Bubblegum,Slate Grey,Cream,Medium,0332.png,22890033
179,832,Rare,99.3416,Long,Teal,Pure White,Moss,Pale Blue,Fair,0832.png,26849533
180,315,Rare,99.338,Long,Jet Black,Ice Blue,Slate Grey,Mint,Medium,0315.png,22755410
181,840,Rare,99.3302,Long,Silver,Hot Pink,Espresso,Sand,Porcelain,0840.png,26912885
182,477,Rare,99.3221,Side Part,Charcoal,Aqua,Slate Grey,Peach,Olive,0477.png,24038288
183,680,Rare,99.29,Classic Cut,Red,Lemon,Brown,Blush,Tan,0680.png,25645845
184,1043,Rare,99.2612,Spiky,Charcoal,Tangerine,Brown,Blush,Fair,1043.png,28520442
185,340,Rare,99.2604,Spiky,Yellow,Pure White,Slate Grey,Cream,Deep Brown,0340.png,22953385
186,237,Rare,99.2013,Long,Coral,Lemon,Denim Blue,Mint,Brown,0237.png,22137728
187,269,Rare,99.1161,Fringe / Bangs,Pale Blond,Amethyst,Denim Blue,Butter,Olive,0269.png,22391136
188,579,Rare,99.0697,Long,Silver,Aqua,Bronze,Mint,Olive,0579.png,24846026
189,677,Rare,99.045,Spiky,Chestnut,Lemon,Plum,Sage,Medium,0677.png,25622088
190,184,Rare,99.0403,Long,Pale Blond,X Black,Light Grey,White,Light,0184.png,21718021
191,1070,Rare,99.0335,Fringe / Bangs,Teal,Bubblegum,Slate Grey,Peach,Deep Brown,1070.png,28734255
192,252,Rare,98.8477,Classic Cut,Blond,Pure White,Midnight Navy,White,Fair,0252.png,22256513
193,792,Rare,98.7705,Classic Cut,Dark Brown,Tangerine,Deep Purple,Blush,Tan,0792.png,26532773
194,714,Rare,98.7425,Classic Cut,Silver,Emerald,Plum,Sky,Deep Brown,0714.png,25915091
195,287,Rare,98.7405,Long,Blue,Bubblegum,Forest Green,Sage,Light,0287.png,22533678
196,777,Rare,98.6491,Fringe / Bangs,Magenta,Tangerine,Deep Purple,Butter,Fair,0777.png,26413988
197,624,Rare,98.6245,Classic Cut,Pale Blond,Gold,Navy,Peach,Deep Brown,0624.png,25202381
198,815,Rare,98.6229,Fringe / Bangs,Dark Brown,Turquoise,Light Grey,Cream,Fair,0815.png,26714910
199,243,Rare,98.5676,Fringe / Bangs,Blue,Gold,Maroon,Sage,Fair,0243.png,22185242
200,670,Rare,98.5349,Classic Cut,Jet Black,Hot Pink,Gold,Cream,Porcelain,0670.png,25566655
201,957,Rare,98.524,Spiky,Sky Blue,Lemon,Espresso,Mint,Brown,0957.png,27839408
202,1069,Rare,98.4823,Fringe / Bangs,Violet,Lemon,Moss,White,Deep Brown,1069.png,28726336
203,231,Rare,98.4273,Side Part,Silver,X Blue,Teal,Sage,Olive,0231.png,22090214
204,604,Rare,98.4165,Spiky,White,Tangerine,Plum,White,Brown,0604.png,25044001
205,786,Rare,98.4091,Fringe / Bangs,Orange,Pure White,Brown,White,Fair,0786.png,26485259
206,345,Rare,98.3971,Side Part,Yellow,Crimson,Deep Purple,Peach,Porcelain,0345.png,22992980
207,557,Rare,98.387,Side Part,Jet Black,Turquoise,Moss,Rose,Fair,0557.png,24671808
208,759,Rare,98.365,Fringe / Bangs,Silver,Amethyst,Light Grey,White,Deep Brown,0759.png,26271446
209,294,Rare,98.3105,Side Part,Jet Black,Cyan,Maroon,Blush,Fair,0294.png,22589111
210,1064,Rare,98.3101,Buzz Cut,Pale Blond,Gold,Plum,Butter,Medium,1064.png,28686741
211,980,Rare,98.2986,Buzz Cut,Chestnut,Lemon,Teal,Ivory,Deep Brown,0980.png,28021545
212,331,Rare,98.2372,Side Part,Green,Crimson,Forest Green,Blush,Light,0331.png,22882114
213,629,Rare,98.2337,Side Part,Brown,Aqua,Espresso,Ivory,Deep Brown,0629.png,25241976
214,506,Rare,98.1954,Side Part,Brown,Gold,Bronze,Peach,Brown,0506.png,24267939
215,177,Rare,98.1475,Classic Cut,Silver,Cyan,Gold,Lavender,Olive,0177.png,21662588
216,71,Rare,98.1423,Spiky,Dark Brown,Pure White,Light Grey,Ivory,Light,0071.png,20823174
217,274,Rare,98.1027,Side Part,Dark Brown,Amethyst,Moss,Rose,Deep Brown,0274.png,22430731
218,431,Rare,98.086,Spiky,Purple,Aqua,Midnight Navy,Butter,Brown,0431.png,23674014
219,442,Rare,98.054,Classic Cut,Blond,Emerald,Maroon,Cream,Fair,0442.png,23761123
220,80,Rare,98.0515,Side Part,Jet Black,Royal Blue,Midnight Navy,Blush,Fair,0080.png,20894445
221,137,Rare,98.0004,Classic Cut,Dark Brown,Emerald,Maroon,Ivory,Brown,0137.png,21345828
222,861,Rare,97.9671,Fringe / Bangs,Dark Brown,Ice Blue,Midnight Navy,Ivory,Porcelain,0861.png,27079184
223,520,Rare,97.9263,Buzz Cut,Pale Blond,Cyan,Plum,Mint,Fair,0520.png,24378805
224,21,Rare,97.921,Long,Red,Lemon,Deep Purple,Blush,Brown,0021.png,20427224
225,636,Rare,97.9176,Buzz Cut,Jet Black,Raspberry,Light Grey,Peach,Light,0636.png,25297409
226,707,Rare,97.913,Side Part,Blue,Raspberry,Moss,Sand,Porcelain,0707.png,25859658
227,1075,Rare,97.8823,Buzz Cut,Purple,Tangerine,Deep Purple,Lavender,Fair,1075.png,28773850
228,781,Rare,97.8024,Classic Cut,Blond,Crimson,Plum,Off White,Fair,0781.png,26445664
229,1111,Rare,97.7297,Long,Pale Blond,Ice Blue,Light Grey,Mint,Olive,1111.png,29058934
230,341,Rare,97.7175,Buzz Cut,Blue,Hot Pink,Maroon,White,Porcelain,0341.png,22961304
231,462,Rare,97.707,Side Part,Pale Blond,Aqua,Cocoa,Cream,Light,0462.png,23919503
232,685,Rare,97.6766,Long,Brown,Turquoise,Moss,White,Medium,0685.png,25685440
233,142,Rare,97.6373,Side Part,Brown,Royal Blue,Steel Grey,Ice Blue,Light,0142.png,21385423
234,302,Rare,97.6278,Fringe / Bangs,Jet Black,Royal Blue,Midnight Navy,Blush,Olive,0302.png,22652463
235,664,Rare,97.6122,Long,Blond,Crimson,Gold,Sage,Brown,0664.png,25519141
236,7,Rare,97.5544,Classic Cut,Pink,Crimson,Brown,Mint,Light,0007.png,20316358
237,300,Rare,97.527,Side Part,Silver,Cyan,Brown,White,Tan,0300.png,22636625
238,339,Rare,97.504,Long,Brown,Raspberry,Deep Purple,Lavender,Olive,0339.png,22945466
239,363,Rare,97.4469,Fringe / Bangs,Yellow,Crimson,Gold,Butter,Medium,0363.png,23135522
240,472,Rare,97.3733,Buzz Cut,Pale Blond,Emerald,Steel Grey,Ivory,Brown,0472.png,23998693
241,874,Rare,97.3493,Fringe / Bangs,Sandy,Tangerine,Midnight Navy,Lavender,Tan,0874.png,27182131
242,323,Rare,97.3076,Side Part,Jet Black,Amethyst,Forest Green,Blush,Medium,0323.png,22818762
243,515,Rare,97.2921,Fringe / Bangs,Silver,Royal Blue,Forest Green,Blush,Fair,0515.png,24339210
244,789,Rare,97.2605,Classic Cut,Silver,Royal Blue,Forest Green,White,Fair,0789.png,26509016
245,132,Rare,97.2582,Long,Jet Black,Turquoise,Moss,Lavender,Medium,0132.png,21306233
246,12,Rare,97.1366,Spiky,Sandy,Lemon,Navy,Sage,Medium,0012.png,20355953
247,425,Rare,97.1148,Spiky,Jet Black,Gold,Steel Grey,Butter,Brown,0425.png,23626500
248,831,Rare,97.1106,Spiky,Silver,Gold,Espresso,Blush,Deep Brown,0831.png,26841614
249,999,Rare,97.0747,Classic Cut,Violet,X Black,Maroon,Peach,Olive,0999.png,28172006
250,755,Rare,97.0483,Spiky,Charcoal,Aqua,Slate Grey,Mint,Olive,0755.png,26239770
251,914,Rare,97.0213,Fringe / Bangs,Brown,Ice Blue,Black,Rose,Olive,0914.png,27498891
252,981,Rare,97.0183,Fringe / Bangs,Silver,Periwinkle,Navy,Butter,Olive,0981.png,28029464
253,95,Rare,97.0164,Side Part,Magenta,Aqua,Maroon,Sage,Olive,0095.png,21013230
254,691,Rare,97.0055,Classic Cut,Charcoal,Tangerine,Steel Grey,White,Light,0691.png,25732954
255,426,Rare,96.9908,Classic Cut,Magenta,Aqua,Teal,Pale Blue,Porcelain,0426.png,23634419
256,1057,Rare,96.8601,Long,Blond,Tangerine,Slate Grey,Ivory,Brown,1057.png,28631308
257,744,Rare,96.8586,Fringe / Bangs,Pale Blond,Hot Pink,Moss,Off White,Medium,0744.png,26152661
258,53,Rare,96.8342,Spiky,Auburn,Tangerine,Brown,Sand,Porcelain,0053.png,20680632
259,362,Rare,96.8096,Long,Dark Brown,Periwinkle,Slate Grey,Rose,Medium,0362.png,23127603
260,28,Rare,96.7998,Fringe / Bangs,Red,Pure White,Espresso,Pale Blue,Light,0028.png,20482657
261,222,Rare,96.7652,Classic Cut,Silver,Emerald,Denim Blue,White,Light,0222.png,22018943
262,1040,Rare,96.7138,Fringe / Bangs,Magenta,Tangerine,Bronze,Ice Blue,Porcelain,1040.png,28496685
263,85,Rare,96.7017,Fringe / Bangs,Green,Crimson,Light Grey,Sage,Porcelain,0085.png,20934040
264,82,Rare,96.6744,Fringe / Bangs,Purple,Aqua,Maroon,Sage,Fair,0082.png,20910283
265,282,Rare,96.6708,Long,Teal,Lemon,Cocoa,Rose,Medium,0282.png,22494083
266,1001,Rare,96.65,Long,Blond,X Blue,Maroon,Peach,Olive,1001.png,28187844
267,68,Rare,96.6273,Long,Charcoal,Pure White,Moss,Off White,Olive,0068.png,20799417
268,735,Rare,96.6232,Side Part,Yellow,Crimson,Espresso,Lavender,Deep Brown,0735.png,26081390
269,843,Rare,96.6126,Long,Pine Green,Lemon,Cocoa,Sand,Brown,0843.png,26936642
270,375,Rare,96.5638,Side Part,Pine Green,Tangerine,Gold,Butter,Fair,0375.png,23230550
271,836,Rare,96.4939,Spiky,White,Emerald,Midnight Navy,Off White,Olive,0836.png,26881209
272,1083,Rare,96.4935,Classic Cut,Jet Black,Hot Pink,Moss,Ice Blue,Deep Brown,1083.png,28837202
273,601,Rare,96.4499,Fringe / Bangs,Blue,Emerald,Espresso,Lavender,Brown,0601.png,25020244
274,933,Rare,96.4459,Spiky,Sandy,Crimson,Gold,Butter,Light,0933.png,27649352
275,1036,Rare,96.4424,Spiky,Brown,X Blue,Black,Lavender,Olive,1036.png,28465009
276,1028,Rare,96.4084,Spiky,Charcoal,X Black,Teal,Rose,Porcelain,1028.png,28401657
277,847,Rare,96.3918,Buzz Cut,Blue,Turquoise,Gold,Lavender,Light,0847.png,26968318
278,367,Rare,96.3835,Classic Cut,Dark Brown,Amethyst,Forest Green,White,Medium,0367.png,23167198
279,360,Rare,96.351,Classic Cut,Silver,Emerald,Bronze,Sky,Olive,0360.png,23111765
280,349,Rare,96.3454,Buzz Cut,Pale Blond,Royal Blue,Forest Green,Off White,Brown,0349.png,23024656
281,449,Rare,96.3223,Spiky,Jet Black,Cyan,Steel Grey,Ice Blue,Light,0449.png,23816556
282,164,Rare,96.3207,Long,Blond,X Black,Forest Green,Peach,Tan,0164.png,21559641
283,396,Rare,96.3129,Classic Cut,Green,Pure White,Steel Grey,Butter,Light,0396.png,23396849
284,575,Rare,96.3098,Long,Orange,Ice Blue,Brown,Pale Blue,Light,0575.png,24814350
285,447,Rare,96.3002,Side Part,Pale Blond,Turquoise,Navy,Off White,Medium,0447.png,23800718
286,115,Rare,96.2954,Fringe / Bangs,Blond,Pure White,Gold,Ice Blue,Tan,0115.png,21171610
287,347,Rare,96.2215,Side Part,Magenta,Tangerine,Light Grey,Off White,Porcelain,0347.png,23008818
288,51,Rare,96.1366,Side Part,Blue,Amethyst,Denim Blue,Mint,Light,0051.png,20664794
289,1078,Rare,96.1317,Buzz Cut,Pale Blond,Amethyst,Navy,Sage,Tan,1078.png,28797607
290,935,Rare,96.1287,Spiky,Jet Black,Turquoise,Gold,Off White,Light,0935.png,27665190
291,344,Rare,96.0805,Fringe / Bangs,Blue,Gold,Moss,Butter,Brown,0344.png,22985061
292,169,Rare,96.0587,Classic Cut,Dark Brown,Aqua,Black,Butter,Fair,0169.png,21599236
293,263,Rare,96.0132,Side Part,Coral,Bubblegum,Forest Green,Pale Blue,Light,0263.png,22343622
294,803,Rare,96.0125,Long,Magenta,X Black,Denim Blue,Peach,Tan,0803.png,26619882
295,224,Rare,95.9948,Long,Jet Black,X Blue,Black,Sand,Fair,0224.png,22034781
296,476,Rare,95.98,Fringe / Bangs,Blue,Emerald,Plum,White,Fair,0476.png,24030369
297,17,Rare,95.971,Spiky,Green,Tangerine,Deep Purple,Off White,Olive,0017.png,20395548
298,655,Rare,95.9705,Classic Cut,Brown,Lime,Maroon,Lavender,Light,0655.png,25447870
299,873,Rare,95.8239,Classic Cut,Brown,Amethyst,Black,White,Deep Brown,0873.png,27174212
300,152,Rare,95.8195,Buzz Cut,Brown,Gold,Cocoa,Pale Blue,Olive,0152.png,21464613
301,761,Rare,95.746,Classic Cut,Brown,Cyan,Plum,Sky,Deep Brown,0761.png,26287284
302,1047,Rare,95.741,Side Part,Red,Pure White,Slate Grey,Sky,Medium,1047.png,28552118
303,87,Rare,95.7176,Long,Pale Blond,X Blue,Plum,Ivory,Brown,0087.png,20949878
304,1073,Rare,95.6781,Side Part,Pink,Crimson,Moss,Blush,Olive,1073.png,28758012
305,220,Rare,95.6462,Buzz Cut,Jet Black,Raspberry,Navy,Ice Blue,Light,0220.png,22003105
306,10,Rare,95.6418,Buzz Cut,Teal,Bubblegum,Denim Blue,Cream,Porcelain,0010.png,20340115
307,173,Rare,95.6398,Spiky,Dark Brown,Turquoise,Denim Blue,Lavender,Olive,0173.png,21630912
308,273,Rare,95.6241,Fringe / Bangs,Dark Brown,Raspberry,Teal,Lavender,Tan,0273.png,22422812
309,314,Rare,95.6199,Spiky,Dark Brown,Hot Pink,Brown,Off White,Brown,0314.png,22747491
310,1099,Rare,95.4898,Classic Cut,White,Periwinkle,Maroon,Mint,Fair,1099.png,28963906
311,1108,Rare,95.485,Classic Cut,Magenta,Ice Blue,Midnight Navy,Sky,Fair,1108.png,29035177
312,299,Rare,95.4745,Spiky,Jet Black,Aqua,Bronze,Sky,Porcelain,0299.png,22628706
313,952,Rare,95.4571,Buzz Cut,Violet,Tangerine,Brown,Rose,Brown,0952.png,27799813
314,11,Rare,95.3911,Long,Pink,Ice Blue,Maroon,Pale Blue,Brown,0011.png,20348034
315,825,Rare,95.3765,Buzz Cut,Purple,Bubblegum,Brown,Blush,Brown,0825.png,26794100
316,986,Rare,95.3558,Spiky,Purple,Pure White,Espresso,Blush,Deep Brown,0986.png,28069059
317,179,Rare,95.3407,Classic Cut,Sky Blue,Pure White,Midnight Navy,Lavender,Olive,0179.png,21678426
318,811,Rare,95.2919,Spiky,White,Bubblegum,Moss,Blush,Light,0811.png,26683234
319,720,Rare,95.2815,Spiky,Silver,X Black,Cocoa,Blush,Tan,0720.png,25962605
320,44,Rare,95.2736,Classic Cut,Charcoal,Royal Blue,Midnight Navy,Sand,Porcelain,0044.png,20609361
321,681,Rare,95.2696,Buzz Cut,Dark Brown,Turquoise,Plum,Sky,Porcelain,0681.png,25653764
322,293,Rare,95.2554,Fringe / Bangs,Pink,Pure White,Maroon,Blush,Tan,0293.png,22581192
323,673,Rare,95.2412,Side Part,Dark Brown,Royal Blue,Bronze,Pale Blue,Medium,0673.png,25590412
324,198,Rare,95.2083,Buzz Cut,Coral,Lemon,Cocoa,Rose,Brown,0198.png,21828887
325,779,Rare,95.171,Side Part,Brown,Aqua,Cocoa,Butter,Porcelain,0779.png,26429826
326,59,Rare,95.1587,Classic Cut,Auburn,Crimson,Plum,Lavender,Deep Brown,0059.png,20728146
327,352,Rare,95.1102,Buzz Cut,Jet Black,Gold,Brown,Ivory,Light,0352.png,23048413
328,121,Rare,95.0892,Spiky,Magenta,X Black,Forest Green,White,Light,0121.png,21219124
329,625,Rare,95.081,Spiky,Teal,X Black,Forest Green,Ice Blue,Porcelain,0625.png,25210300
330,194,Rare,95.059,Classic Cut,Blue,Gold,Forest Green,Rose,Tan,0194.png,21797211
331,374,Rare,95.0109,Classic Cut,White,Amethyst,Teal,Ice Blue,Fair,0374.png,23222631
332,35,Rare,94.9938,Side Part,Pink,Pure White,Denim Blue,Peach,Light,0035.png,20538090
333,542,Rare,94.8991,Classic Cut,Orange,Turquoise,Gold,Peach,Deep Brown,0542.png,24553023
334,390,Rare,94.8629,Fringe / Bangs,White,Crimson,Cocoa,Lavender,Tan,0390.png,23349335
335,461,Rare,94.8594,Buzz Cut,Purple,Turquoise,Moss,Peach,Deep Brown,0461.png,23911584
336,599,Rare,94.8413,Side Part,Blue,Hot Pink,Bronze,Cream,Tan,0599.png,25004406
337,656,Rare,94.8368,Long,Chestnut,Bubblegum,Maroon,White,Fair,0656.png,25455789
338,560,Rare,94.8211,Fringe / Bangs,Blue,Amethyst,Plum,Ivory,Light,0560.png,24695565
339,1051,Rare,94.8067,Buzz Cut,Chestnut,X Black,Moss,Cream,Brown,1051.png,28583794
340,661,Rare,94.7895,Spiky,Brown,Hot Pink,Navy,Sage,Porcelain,0661.png,25495384
341,631,Rare,94.732,Classic Cut,Blue,Periwinkle,Steel Grey,Rose,Deep Brown,0631.png,25257814
342,538,Rare,94.7234,Spiky,Yellow,Bubblegum,Plum,Cream,Tan,0538.png,24521347
343,643,Rare,94.6898,Spiky,Blue,Periwinkle,Forest Green,Sky,Brown,0643.png,25352842
344,857,Rare,94.6884,Classic Cut,Pink,X Black,Steel Grey,Cream,Deep Brown,0857.png,27047508
345,898,Rare,94.6805,Long,Blond,Aqua,Midnight Navy,Off White,Porcelain,0898.png,27372187
346,674,Rare,94.6559,Classic Cut,Orange,Bubblegum,Gold,Sage,Deep Brown,0674.png,25598331
347,939,Rare,94.6438,Classic Cut,Green,Gold,Midnight Navy,Sand,Tan,0939.png,27696866
348,1062,Rare,94.5878,Classic Cut,Orange,Turquoise,Midnight Navy,Sky,Light,1062.png,28670903
349,268,Rare,94.5757,Side Part,Orange,Bubblegum,Deep Purple,Sky,Medium,0268.png,22383217
350,481,Rare,94.5592,Long,White,Royal Blue,Forest Green,Pale Blue,Brown,0481.png,24069964
351,217,Rare,94.5479,Side Part,Auburn,Crimson,Bronze,Sand,Porcelain,0217.png,21979348
352,161,Rare,94.5231,Fringe / Bangs,Purple,Pure White,Light Grey,Sage,Brown,0161.png,21535884
353,88,Rare,94.5173,Spiky,Violet,Bubblegum,Gold,Peach,Medium,0088.png,20957797
354,505,Rare,94.5137,Spiky,White,Cyan,Teal,Peach,Deep Brown,0505.png,24260020
355,170,Rare,94.4982,Spiky,Blond,Amethyst,Moss,Cream,Tan,0170.png,21607155
356,713,Rare,94.4865,Long,Blond,Tangerine,Deep Purple,Sage,Brown,0713.png,25907172
357,552,Rare,94.4782,Buzz Cut,Sandy,X Black,Teal,Cream,Medium,0552.png,24632213
358,422,Rare,94.4609,Buzz Cut,Magenta,X Black,Gold,Blush,Medium,0422.png,23602743
359,185,Rare,94.4448,Buzz Cut,White,Ice Blue,Brown,Rose,Porcelain,0185.png,21725940
360,187,Rare,94.434,Classic Cut,Yellow,X Black,Brown,Sand,Brown,0187.png,21741778
361,249,Rare,94.4284,Fringe / Bangs,Green,Bubblegum,Teal,White,Olive,0249.png,22232756
362,483,Rare,94.4002,Spiky,Blond,Bubblegum,Espresso,Ice Blue,Tan,0483.png,24085802
363,482,Rare,94.3834,Side Part,Pale Blond,Hot Pink,Light Grey,Ivory,Deep Brown,0482.png,24077883
364,639,Rare,94.3627,Buzz Cut,Dark Brown,Cyan,Espresso,Mint,Porcelain,0639.png,25321166
365,72,Rare,94.3555,Side Part,Orange,X Blue,Moss,Sand,Fair,0072.png,20831093
366,1055,Rare,94.3555,Side Part,Orange,X Blue,Gold,Sand,Fair,1055.png,28615470
367,984,Rare,94.3202,Fringe / Bangs,Orange,Periwinkle,Teal,Pale Blue,Medium,0984.png,28053221
368,711,Rare,94.3055,Long,White,X Blue,Maroon,Ivory,Fair,0711.png,25891334
369,1060,Rare,94.2904,Long,White,Bubblegum,Deep Purple,Sage,Olive,1060.png,28655065
370,16,Rare,94.2865,Fringe / Bangs,Coral,Amethyst,Maroon,Rose,Fair,0016.png,20387629
371,564,Rare,94.2857,Side Part,Jet Black,Emerald,Denim Blue,White,Tan,0564.png,24727241
372,710,Rare,94.2793,Buzz Cut,Auburn,X Black,Brown,Cream,Tan,0710.png,25883415
373,633,Rare,94.2707,Side Part,Orange,Emerald,Black,Pale Blue,Fair,0633.png,25273652
374,240,Rare,94.2483,Classic Cut,Sandy,Crimson,Plum,Blush,Fair,0240.png,22161485
375,574,Rare,94.2034,Buzz Cut,Magenta,Emerald,Slate Grey,White,Fair,0574.png,24806431
376,145,Rare,94.2027,Classic Cut,Dark Brown,Ice Blue,Gold,Ivory,Olive,0145.png,21409180
377,54,Rare,94.1841,Long,Chestnut,Tangerine,Slate Grey,Ivory,Brown,0054.png,20688551
378,592,Rare,94.178,Spiky,Magenta,Aqua,Brown,Off White,Light,0592.png,24948973
379,1013,Rare,94.1485,Buzz Cut,Magenta,Aqua,Steel Grey,Lavender,Light,1013.png,28282872
380,937,Rare,94.1389,Buzz Cut,Silver,Lime,Espresso,Ice Blue,Deep Brown,0937.png,27681028
381,721,Rare,94.0854,Spiky,Magenta,Turquoise,Forest Green,Ice Blue,Medium,0721.png,25970524
382,556,Rare,94.0313,Fringe / Bangs,Teal,Aqua,Midnight Navy,Ivory,Olive,0556.png,24663889
383,306,Rare,94.0136,Side Part,Green,Aqua,Black,Peach,Fair,0306.png,22684139
384,543,Rare,94.0088,Side Part,Brown,X Blue,Cocoa,Sand,Light,0543.png,24560942
385,865,Rare,93.936,Spiky,Blue,Hot Pink,Espresso,White,Medium,0865.png,27110860
386,688,Rare,93.9206,Long,Charcoal,Emerald,Gold,Sand,Light,0688.png,25709197
387,370,Rare,93.9001,Classic Cut,Jet Black,Lime,Teal,Cream,Brown,0370.png,23190955
388,1046,Rare,93.8965,Fringe / Bangs,Magenta,Raspberry,Maroon,Ivory,Deep Brown,1046.png,28544199
389,203,Rare,93.8927,Buzz Cut,Purple,Bubblegum,Espresso,Off White,Porcelain,0203.png,21868482
390,833,Rare,93.8917,Spiky,Violet,Pure White,Slate Grey,Off White,Brown,0833.png,26857452
391,259,Rare,93.8587,Classic Cut,Dark Brown,Lime,Midnight Navy,Lavender,Deep Brown,0259.png,22311946
392,925,Rare,93.8028,Side Part,Pink,Tangerine,Plum,Off White,Brown,0925.png,27586000
393,541,Rare,93.796,Side Part,Pink,Pure White,Forest Green,Sky,Medium,0541.png,24545104
394,695,Rare,93.7911,Long,Coral,Bubblegum,Maroon,Ivory,Brown,0695.png,25764630
395,635,Rare,93.7866,Side Part,Chestnut,Crimson,Navy,Off White,Medium,0635.png,25289490
396,951,Rare,93.7821,Spiky,Coral,Lemon,Cocoa,Sage,Brown,0951.png,27791894
397,305,Rare,93.7446,Long,Orange,Aqua,Espresso,Ice Blue,Light,0305.png,22676220
398,60,Rare,93.7393,Spiky,Teal,Aqua,Forest Green,Mint,Fair,0060.png,20736065
399,596,Rare,93.738,Side Part,Purple,Ice Blue,Denim Blue,Pale Blue,Porcelain,0596.png,24980649
400,139,Rare,93.7283,Classic Cut,Sky Blue,Bubblegum,Teal,Pale Blue,Fair,0139.png,21361666
401,932,Rare,93.7266,Spiky,Jet Black,Periwinkle,Espresso,Sage,Porcelain,0932.png,27641433
402,780,Rare,93.7154,Spiky,Green,Tangerine,Bronze,Ivory,Fair,0780.png,26437745
403,409,Rare,93.6934,Fringe / Bangs,Charcoal,Ice Blue,Brown,Butter,Light,0409.png,23499796
404,400,Rare,93.69,Spiky,Magenta,X Black,Cocoa,Pale Blue,Deep Brown,0400.png,23428525
405,824,Rare,93.6896,Side Part,Jet Black,Lime,Gold,Sand,Fair,0824.png,26786181
406,782,Rare,93.6721,Fringe / Bangs,Teal,Aqua,Deep Purple,Cream,Light,0782.png,26453583
407,785,Rare,93.6714,Side Part,Blond,Tangerine,Navy,Blush,Light,0785.png,26477340
408,428,Rare,93.6322,Side Part,Brown,Lime,Plum,Ice Blue,Deep Brown,0428.png,23650257
409,835,Rare,93.6274,Fringe / Bangs,Coral,Pure White,Brown,White,Light,0835.png,26873290
410,335,Rare,93.5491,Side Part,Pale Blond,Lime,Navy,Sand,Fair,0335.png,22913790
411,1033,Rare,93.5476,Classic Cut,White,Tangerine,Cocoa,Mint,Brown,1033.png,28441252
412,546,Rare,93.544,Long,Purple,Gold,Slate Grey,Sand,Tan,0546.png,24584699
413,265,Rare,93.543,Side Part,Pale Blond,X Blue,Cocoa,Rose,Fair,0265.png,22359460
414,230,Rare,93.5428,Fringe / Bangs,Auburn,Pure White,Bronze,Pale Blue,Olive,0230.png,22082295
415,1095,Rare,93.503,Side Part,Charcoal,Cyan,Plum,Cream,Porcelain,1095.png,28932230
416,994,Rare,93.488,Fringe / Bangs,Red,X Black,Navy,Peach,Deep Brown,0994.png,28132411
417,555,Rare,93.4125,Buzz Cut,Charcoal,Amethyst,Espresso,Rose,Medium,0555.png,24655970
418,489,Rare,93.3336,Buzz Cut,Chestnut,Periwinkle,Maroon,Cream,Deep Brown,0489.png,24133316
419,379,Rare,93.2669,Spiky,Yellow,Bubblegum,Teal,Rose,Medium,0379.png,23262226
420,877,Rare,93.2333,Buzz Cut,Red,Tangerine,Espresso,Sage,Light,0877.png,27205888
421,57,Rare,93.231,Fringe / Bangs,Pine Green,Tangerine,Bronze,Rose,Olive,0057.png,20712308
422,131,Rare,93.2165,Long,Violet,Aqua,Slate Grey,Peach,Light,0131.png,21298314
423,1096,Rare,93.2148,Buzz Cut,Green,Aqua,Gold,Lavender,Porcelain,1096.png,28940149
424,350,Rare,93.213,Spiky,Charcoal,Emerald,Brown,White,Medium,0350.png,23032575
425,1063,Rare,93.211,Buzz Cut,Orange,Gold,Brown,Ice Blue,Light,1063.png,28678822
426,411,Rare,93.2069,Buzz Cut,Green,Gold,Maroon,White,Medium,0411.png,23515634
427,976,Rare,93.2011,Spiky,Jet Black,Hot Pink,Deep Purple,Off White,Tan,0976.png,27989869
428,751,Rare,93.1908,Spiky,Purple,Turquoise,Steel Grey,Butter,Fair,0751.png,26208094
429,838,Rare,93.1904,Buzz Cut,Red,Pure White,Teal,Sage,Brown,0838.png,26897047
430,750,Rare,93.185,Side Part,Violet,Crimson,Bronze,Mint,Porcelain,0750.png,26200175
431,233,Rare,93.1532,Side Part,Orange,X Blue,Brown,Ice Blue,Tan,0233.png,22106052
432,510,Rare,93.1504,Classic Cut,Pine Green,Royal Blue,Maroon,Peach,Medium,0510.png,24299615
433,683,Rare,93.1481,Classic Cut,Teal,Gold,Brown,Peach,Olive,0683.png,25669602
434,756,Rare,93.1318,Side Part,Yellow,Aqua,Midnight Navy,Sage,Olive,0756.png,26247689
435,562,Rare,93.1291,Classic Cut,Green,Aqua,Moss,Butter,Deep Brown,0562.png,24711403
436,36,Rare,93.1167,Long,Violet,Crimson,Bronze,Butter,Olive,0036.png,20546009
437,322,Rare,93.0708,Fringe / Bangs,Auburn,Pure White,Teal,Lavender,Deep Brown,0322.png,22810843
438,427,Rare,93.0515,Buzz Cut,Yellow,Pure White,Light Grey,Mint,Olive,0427.png,23642338
439,107,Rare,93.0504,Side Part,Jet Black,Raspberry,Cocoa,Sand,Medium,0107.png,21108258
440,585,Rare,93.0494,Long,Purple,X Black,Bronze,Rose,Fair,0585.png,24893540
441,304,Rare,93.0252,Spiky,Pine Green,Bubblegum,Espresso,Rose,Medium,0304.png,22668301
442,1067,Rare,93.0206,Long,Dark Brown,Royal Blue,Brown,Ivory,Porcelain,1067.png,28710498
443,154,Rare,92.9892,Fringe / Bangs,Violet,Bubblegum,Espresso,Cream,Tan,0154.png,21480451
444,893,Rare,92.9721,Fringe / Bangs,Charcoal,Aqua,Bronze,Sand,Porcelain,0893.png,27332592
445,353,Common,92.9327,Side Part,Blond,Periwinkle,Gold,Pale Blue,Olive,0353.png,23056332
446,581,Common,92.9047,Side Part,Auburn,Tangerine,Light Grey,Rose,Brown,0581.png,24861864
447,83,Common,92.8993,Classic Cut,Chestnut,Raspberry,Midnight Navy,Sand,Brown,0083.png,20918202
448,818,Common,92.8897,Long,Blond,Turquoise,Slate Grey,Rose,Deep Brown,0818.png,26738667
449,819,Common,92.8716,Long,Green,Pure White,Black,White,Olive,0819.png,26746586
450,642,Common,92.8623,Buzz Cut,Purple,Royal Blue,Steel Grey,Peach,Brown,0642.png,25344923
451,264,Common,92.8607,Side Part,Pink,Tangerine,Deep Purple,Off White,Brown,0264.png,22351541
452,565,Common,92.7966,Side Part,Chestnut,X Black,Bronze,Pale Blue,Fair,0565.png,24735160
453,359,Common,92.7914,Side Part,Charcoal,Cyan,Moss,Sand,Medium,0359.png,23103846
454,591,Common,92.7611,Fringe / Bangs,Magenta,X Black,Plum,Ivory,Tan,0591.png,24941054
455,260,Common,92.7493,Buzz Cut,Teal,Gold,Teal,Cream,Medium,0260.png,22319865
456,204,Common,92.7278,Spiky,Chestnut,Emerald,Slate Grey,Peach,Tan,0204.png,21876401
457,1029,Common,92.7164,Spiky,Blue,Periwinkle,Deep Purple,White,Brown,1029.png,28409576
458,491,Common,92.6805,Classic Cut,Dark Brown,Hot Pink,Espresso,Blush,Medium,0491.png,24149154
459,945,Common,92.6576,Buzz Cut,Purple,Royal Blue,Maroon,White,Medium,0945.png,27744380
460,1045,Common,92.6294,Long,Chestnut,Turquoise,Slate Grey,Peach,Brown,1045.png,28536280
461,99,Common,92.5923,Buzz Cut,Red,Bubblegum,Deep Purple,Ice Blue,Medium,0099.png,21044906
462,632,Common,92.5875,Fringe / Bangs,Blue,Raspberry,Denim Blue,Sage,Tan,0632.png,25265733
463,52,Common,92.5861,Buzz Cut,Purple,Ice Blue,Forest Green,Lavender,Brown,0052.png,20672713
464,1008,Common,92.5811,Long,Orange,Amethyst,Espresso,Mint,Light,1008.png,28243277
465,894,Common,92.5274,Long,Dark Brown,X Blue,Denim Blue,Off White,Light,0894.png,27340511
466,105,Common,92.4721,Long,Jet Black,Lime,Light Grey,Cream,Brown,0105.png,21092420
467,634,Common,92.4301,Fringe / Bangs,White,Raspberry,Moss,Rose,Tan,0634.png,25281571
468,157,Common,92.4256,Side Part,Dark Brown,Gold,Bronze,Mint,Tan,0157.png,21504208
469,333,Common,92.4141,Classic Cut,Blue,X Black,Cocoa,Off White,Deep Brown,0333.png,22897952
470,648,Common,92.4117,Buzz Cut,Pine Green,Pure White,Gold,Ivory,Deep Brown,0648.png,25392437
471,729,Common,92.4003,Buzz Cut,Teal,Royal Blue,Gold,Pale Blue,Fair,0729.png,26033876
472,594,Common,92.3912,Spiky,Sandy,X Black,Steel Grey,Ice Blue,Deep Brown,0594.png,24964811
473,998,Common,92.385,Classic Cut,Red,Tangerine,Black,Mint,Light,0998.png,28164087
474,630,Common,92.3632,Spiky,Red,Amethyst,Brown,Ice Blue,Medium,0630.png,25249895
475,842,Common,92.2736,Classic Cut,Charcoal,X Blue,Forest Green,Butter,Medium,0842.png,26928723
476,311,Common,92.2565,Classic Cut,Pale Blond,Royal Blue,Black,Sage,Light,0311.png,22723734
477,717,Common,92.2542,Spiky,Magenta,Cyan,Deep Purple,Peach,Light,0717.png,25938848
478,584,Common,92.2267,Spiky,Dark Brown,Turquoise,Black,White,Tan,0584.png,24885621
479,615,Common,92.2262,Spiky,Orange,X Black,Bronze,White,Brown,0615.png,25131110
480,870,Common,92.2245,Buzz Cut,Green,Periwinkle,Slate Grey,Rose,Olive,0870.png,27150455
481,254,Common,92.2079,Side Part,Green,Ice Blue,Steel Grey,Ice Blue,Porcelain,0254.png,22272351
482,602,Common,92.1956,Long,Jet Black,Royal Blue,Deep Purple,Blush,Medium,0602.png,25028163
483,285,Common,92.1698,Classic Cut,Yellow,X Black,Steel Grey,Mint,Olive,0285.png,22517840
484,212,Common,92.1555,Long,Pine Green,Ice Blue,Moss,Pale Blue,Brown,0212.png,21939753
485,307,Common,92.154,Buzz Cut,Green,Tangerine,Cocoa,Mint,Porcelain,0307.png,22692058
486,284,Common,92.1402,Spiky,Blond,Ice Blue,Gold,Mint,Fair,0284.png,22509921
487,488,Common,92.0955,Spiky,Red,Amethyst,Midnight Navy,Off White,Tan,0488.png,24125397
488,971,Common,92.0927,Spiky,Sky Blue,Crimson,Bronze,Ice Blue,Tan,0971.png,27950274
489,904,Common,92.0776,Fringe / Bangs,White,Periwinkle,Black,Cream,Olive,0904.png,27419701
490,548,Common,92.0387,Side Part,White,Periwinkle,Brown,Off White,Fair,0548.png,24600537
491,533,Common,91.9838,Buzz Cut,Chestnut,Turquoise,Forest Green,Peach,Fair,0533.png,24481752
492,1090,Common,91.9424,Classic Cut,Sky Blue,Bubblegum,Forest Green,Sand,Brown,1090.png,28892635
493,499,Common,91.9222,Classic Cut,Orange,Pure White,Cocoa,Mint,Medium,0499.png,24212506
494,498,Common,91.9148,Long,Pink,Gold,Midnight Navy,Ice Blue,Deep Brown,0498.png,24204587
495,199,Common,91.9045,Classic Cut,Chestnut,Amethyst,Moss,Cream,Deep Brown,0199.png,21836806
496,965,Common,91.8883,Fringe / Bangs,White,Periwinkle,Moss,Ice Blue,Light,0965.png,27902760
497,802,Common,91.8742,Side Part,Green,Raspberry,Plum,Sand,Tan,0802.png,26611963
498,463,Common,91.8332,Fringe / Bangs,Blue,Hot Pink,Bronze,Lavender,Tan,0463.png,23927422
499,256,Common,91.8295,Long,Red,Pure White,Espresso,Blush,Brown,0256.png,22288189
500,972,Common,91.8171,Spiky,Orange,X Blue,Brown,White,Light,0972.png,27958193
501,291,Common,91.8076,Long,Dark Brown,Ice Blue,Bronze,Off White,Light,0291.png,22565354
502,490,Common,91.7887,Side Part,Violet,Crimson,Navy,Ivory,Porcelain,0490.png,24141235
503,402,Common,91.7806,Side Part,Yellow,X Blue,Gold,Pale Blue,Olive,0402.png,23444363
504,985,Common,91.7761,Classic Cut,Charcoal,Hot Pink,Steel Grey,Ice Blue,Medium,0985.png,28061140
505,1071,Common,91.7742,Classic Cut,Yellow,Turquoise,Teal,Pale Blue,Olive,1071.png,28742174
506,124,Common,91.7707,Buzz Cut,Pink,Ice Blue,Brown,Peach,Tan,0124.png,21242881
507,381,Common,91.751,Spiky,Violet,X Blue,Maroon,Sand,Tan,0381.png,23278064
508,412,Common,91.7453,Side Part,Green,Hot Pink,Teal,Ice Blue,Fair,0412.png,23523553
509,301,Common,91.7444,Buzz Cut,Blue,Cyan,Bronze,Lavender,Light,0301.png,22644544
510,110,Common,91.7259,Fringe / Bangs,Magenta,Royal Blue,Slate Grey,Sky,Deep Brown,0110.png,21132015
511,308,Common,91.724,Spiky,Violet,Pure White,Navy,Mint,Medium,0308.png,22699977
512,739,Common,91.7165,Classic Cut,Purple,Turquoise,Gold,Lavender,Brown,0739.png,26113066
513,1049,Common,91.7117,Side Part,Yellow,Emerald,Maroon,Blush,Fair,1049.png,28567956
514,3,Common,91.705,Spiky,Blue,Lime,Forest Green,Rose,Olive,0003.png,20284682
515,25,Common,91.6978,Buzz Cut,Purple,Hot Pink,Denim Blue,Peach,Light,0025.png,20458900
516,722,Common,91.6938,Long,Violet,Amethyst,Forest Green,Cream,Medium,0722.png,25978443
517,13,Common,91.6678,Side Part,Pine Green,Bubblegum,Espresso,Sky,Deep Brown,0013.png,20363872
518,797,Common,91.6638,Buzz Cut,Violet,Amethyst,Teal,Cream,Deep Brown,0797.png,26572368
519,458,Common,91.6594,Spiky,Purple,Royal Blue,Moss,Sand,Light,0458.png,23887827
520,783,Common,91.6574,Side Part,Coral,Hot Pink,Maroon,Lavender,Olive,0783.png,26461502
521,606,Common,91.6523,Fringe / Bangs,White,Amethyst,Deep Purple,Sage,Brown,0606.png,25059839
522,227,Common,91.6516,Buzz Cut,Purple,Ice Blue,Black,Sand,Fair,0227.png,22058538
523,728,Common,91.6279,Fringe / Bangs,Blond,Ice Blue,Brown,Rose,Tan,0728.png,26025957
524,743,Common,91.6255,Long,Coral,Amethyst,Slate Grey,Rose,Deep Brown,0743.png,26144742
525,191,Common,91.6213,Side Part,Blue,Lime,Bronze,Pale Blue,Fair,0191.png,21773454
526,62,Common,91.6208,Spiky,Teal,Lime,Maroon,Cream,Olive,0062.png,20751903
527,478,Common,91.5948,Fringe / Bangs,White,Royal Blue,Moss,Mint,Deep Brown,0478.png,24046207
528,46,Common,91.586,Classic Cut,Pine Green,Bubblegum,Light Grey,Lavender,Fair,0046.png,20625199
529,226,Common,91.5769,Spiky,Purple,Emerald,Brown,Sage,Tan,0226.png,22050619
530,919,Common,91.5734,Fringe / Bangs,Sky Blue,Amethyst,Maroon,Mint,Brown,0919.png,27538486
531,114,Common,91.5686,Side Part,Charcoal,X Blue,Brown,Sky,Tan,0114.png,21163691
532,748,Common,91.5625,Buzz Cut,Teal,X Black,Bronze,Mint,Olive,0748.png,26184337
533,439,Common,91.5369,Buzz Cut,Orange,Aqua,Deep Purple,Blush,Medium,0439.png,23737366
534,826,Common,91.495,Fringe / Bangs,Pine Green,Gold,Plum,Cream,Fair,0826.png,26802019
535,897,Common,91.4593,Buzz Cut,Yellow,Aqua,Plum,Ice Blue,Fair,0897.png,27364268
536,942,Common,91.454,Spiky,Chestnut,Raspberry,Maroon,Mint,Tan,0942.png,27720623
537,740,Common,91.4518,Classic Cut,Orange,Periwinkle,Slate Grey,Sage,Fair,0740.png,26120985
538,1016,Common,91.4513,Fringe / Bangs,Sandy,Tangerine,Teal,Ivory,Tan,1016.png,28306629
539,448,Common,91.4228,Fringe / Bangs,Pale Blond,Cyan,Cocoa,Rose,Light,0448.png,23808637
540,1082,Common,91.4056,Fringe / Bangs,Magenta,Aqua,Cocoa,Pale Blue,Light,1082.png,28829283
541,1072,Common,91.405,Fringe / Bangs,Chestnut,Bubblegum,Forest Green,Off White,Brown,1072.png,28750093
542,135,Common,91.3905,Long,Purple,Emerald,Moss,Off White,Fair,0135.png,21329990
543,144,Common,91.3716,Spiky,Pink,Tangerine,Bronze,White,Brown,0144.png,21401261
544,1091,Common,91.3632,Buzz Cut,Sky Blue,Bubblegum,Steel Grey,Ice Blue,Olive,1091.png,28900554
545,1086,Common,91.3554,Long,Charcoal,Gold,Brown,Off White,Medium,1086.png,28860959
546,653,Common,91.3439,Buzz Cut,Green,Gold,Forest Green,Butter,Deep Brown,0653.png,25432032
547,647,Common,91.3342,Buzz Cut,Auburn,Emerald,Maroon,Lavender,Light,0647.png,25384518
548,938,Common,91.3137,Buzz Cut,White,Turquoise,Deep Purple,Off White,Fair,0938.png,27688947
549,238,Common,91.3134,Buzz Cut,Yellow,Aqua,Navy,Cream,Light,0238.png,22145647
550,774,Common,91.3105,Fringe / Bangs,Blond,Emerald,Brown,Blush,Fair,0774.png,26390231
551,1017,Common,91.2959,Fringe / Bangs,Silver,Lime,Denim Blue,White,Deep Brown,1017.png,28314548
552,962,Common,91.2904,Side Part,Coral,X Black,Moss,Off White,Olive,0962.png,27879003
553,613,Common,91.2813,Classic Cut,Orange,Ice Blue,Forest Green,Sky,Light,0613.png,25115272
554,866,Common,91.2775,Buzz Cut,Sandy,Aqua,Espresso,Sand,Fair,0866.png,27118779
555,934,Common,91.2762,Buzz Cut,Purple,Turquoise,Gold,Sage,Fair,0934.png,27657271
556,519,Common,91.2729,Side Part,Blond,Aqua,Denim Blue,Rose,Light,0519.png,24370886
557,675,Common,91.2523,Side Part,Orange,Amethyst,Black,Lavender,Brown,0675.png,25606250
558,67,Common,91.248,Classic Cut,Magenta,Periwinkle,Steel Grey,Rose,Fair,0067.png,20791498
559,920,Common,91.2295,Classic Cut,Purple,Hot Pink,Moss,Rose,Fair,0920.png,27546405
560,421,Common,91.2294,Buzz Cut,White,Emerald,Plum,Off White,Tan,0421.png,23594824
561,417,Common,91.2176,Buzz Cut,Yellow,Pure White,Deep Purple,Ivory,Fair,0417.png,23563148
562,563,Common,91.2131,Spiky,Brown,Periwinkle,Cocoa,Mint,Tan,0563.png,24719322
563,796,Common,91.2075,Fringe / Bangs,Chestnut,Amethyst,Deep Purple,Cream,Medium,0796.png,26564449
564,512,Common,91.163,Side Part,Jet Black,Lime,Espresso,Rose,Deep Brown,0512.png,24315453
565,882,Common,91.1541,Long,Green,Cyan,Steel Grey,Sand,Deep Brown,0882.png,27245483
566,106,Common,91.1478,Buzz Cut,Charcoal,Cyan,Slate Grey,Blush,Deep Brown,0106.png,21100339
567,686,Common,91.0934,Side Part,Green,X Black,Navy,Ivory,Brown,0686.png,25693359
568,429,Common,91.0739,Long,Chestnut,Raspberry,Forest Green,Cream,Brown,0429.png,23658176
569,603,Common,90.9983,Long,Teal,Aqua,Brown,White,Tan,0603.png,25036082
570,953,Common,90.9797,Side Part,Chestnut,Royal Blue,Midnight Navy,Rose,Fair,0953.png,27807732
571,813,Common,90.9623,Side Part,Dark Brown,Lime,Forest Green,Ice Blue,Tan,0813.png,26699072
572,75,Common,90.9595,Classic Cut,Sandy,Pure White,Black,Ice Blue,Medium,0075.png,20854850
573,324,Common,90.9386,Fringe / Bangs,Charcoal,Amethyst,Light Grey,Off White,Deep Brown,0324.png,22826681
574,195,Common,90.9199,Spiky,Magenta,Ice Blue,Plum,Blush,Brown,0195.png,21805130
575,134,Common,90.9066,Side Part,Sandy,Turquoise,Steel Grey,Peach,Medium,0134.png,21322071
576,699,Common,90.8984,Spiky,Charcoal,X Blue,Moss,Off White,Porcelain,0699.png,25796306
577,153,Common,90.8936,Spiky,Sandy,X Black,Denim Blue,Mint,Fair,0153.png,21472532
578,583,Common,90.8922,Side Part,Blond,Turquoise,Denim Blue,Sand,Light,0583.png,24877702
579,747,Common,90.8906,Spiky,Teal,Raspberry,Gold,Butter,Medium,0747.png,26176418
580,929,Common,90.8669,Buzz Cut,Yellow,Emerald,Deep Purple,Cream,Deep Brown,0929.png,27617676
581,853,Common,90.8274,Long,Coral,Bubblegum,Brown,Blush,Tan,0853.png,27015832
582,1089,Common,90.8268,Fringe / Bangs,Chestnut,Bubblegum,Gold,White,Porcelain,1089.png,28884716
583,1077,Common,90.8156,Long,Chestnut,Emerald,Midnight Navy,Off White,Brown,1077.png,28789688
584,143,Common,90.8068,Side Part,Sandy,Tangerine,Black,Sky,Porcelain,0143.png,21393342
585,666,Common,90.7923,Buzz Cut,Brown,Raspberry,Cocoa,Ivory,Brown,0666.png,25534979
586,880,Common,90.7614,Fringe / Bangs,White,Amethyst,Light Grey,Ivory,Olive,0880.png,27229645
587,214,Common,90.7565,Side Part,Orange,X Blue,Moss,White,Porcelain,0214.png,21955591
588,86,Common,90.7262,Long,Red,Bubblegum,Deep Purple,White,Fair,0086.png,20941959
589,528,Common,90.7049,Fringe / Bangs,Green,Amethyst,Espresso,Sky,Light,0528.png,24442157
590,891,Common,90.7006,Classic Cut,Pine Green,Royal Blue,Brown,Peach,Olive,0891.png,27316754
591,646,Common,90.6662,Buzz Cut,Dark Brown,Royal Blue,Black,Sage,Brown,0646.png,25376599
592,896,Common,90.6653,Classic Cut,Chestnut,Bubblegum,Denim Blue,Ice Blue,Porcelain,0896.png,27356349
593,262,Common,90.6612,Spiky,Auburn,Tangerine,Deep Purple,Ivory,Porcelain,0262.png,22335703
594,327,Common,90.6519,Spiky,Sky Blue,Aqua,Maroon,Sage,Porcelain,0327.png,22850438
595,218,Common,90.6267,Fringe / Bangs,Green,Aqua,Navy,Sage,Fair,0218.png,21987267
596,391,Common,90.6263,Spiky,Brown,Lime,Bronze,Lavender,Medium,0391.png,23357254
597,508,Common,90.6171,Classic Cut,Magenta,Raspberry,Forest Green,Sage,Porcelain,0508.png,24283777
598,33,Common,90.6133,Buzz Cut,White,Emerald,Bronze,Mint,Light,0033.png,20522252
599,769,Common,90.6048,Buzz Cut,Purple,Raspberry,Black,Sand,Porcelain,0769.png,26350636
600,1068,Common,90.5905,Buzz Cut,Magenta,Gold,Steel Grey,Off White,Deep Brown,1068.png,28718417
601,558,Common,90.5878,Buzz Cut,Teal,Amethyst,Steel Grey,White,Olive,0558.png,24679727
602,931,Common,90.5822,Fringe / Bangs,Teal,Hot Pink,Brown,Lavender,Brown,0931.png,27633514
603,795,Common,90.5717,Spiky,Blond,Royal Blue,Teal,Ice Blue,Fair,0795.png,26556530
604,112,Common,90.5631,Side Part,Jet Black,Lime,Espresso,Lavender,Light,0112.png,21147853
605,271,Common,90.5409,Long,Coral,X Blue,Gold,Peach,Deep Brown,0271.png,22406974
606,163,Common,90.5131,Fringe / Bangs,Violet,Turquoise,Midnight Navy,Sky,Medium,0163.png,21551722
607,141,Common,90.4895,Spiky,Sandy,Periwinkle,Midnight Navy,Mint,Brown,0141.png,21377504
608,700,Common,90.4379,Buzz Cut,Dark Brown,Hot Pink,Bronze,Ivory,Deep Brown,0700.png,25804225
609,404,Common,90.4278,Long,Yellow,Pure White,Denim Blue,Sage,Light,0404.png,23460201
610,383,Common,90.4253,Long,White,X Blue,Light Grey,Lavender,Light,0383.png,23293902
611,537,Common,90.4235,Buzz Cut,Orange,Raspberry,Steel Grey,Ivory,Olive,0537.png,24513428
612,167,Common,90.4,Long,Orange,Royal Blue,Gold,Mint,Porcelain,0167.png,21583398
613,1006,Common,90.391,Fringe / Bangs,Auburn,X Blue,Gold,Pale Blue,Medium,1006.png,28227439
614,851,Common,90.3755,Buzz Cut,Red,Amethyst,Espresso,Ice Blue,Medium,0851.png,26999994
615,890,Common,90.3509,Classic Cut,Magenta,Cyan,Gold,Mint,Light,0890.png,27308835
616,1101,Common,90.3221,Classic Cut,White,Amethyst,Bronze,Butter,Tan,1101.png,28979744
617,616,Common,90.2981,Spiky,Chestnut,Raspberry,Midnight Navy,Sky,Tan,0616.png,25139029
618,1059,Common,90.2385,Spiky,Pink,Raspberry,Denim Blue,Cream,Medium,1059.png,28647146
619,778,Common,90.2373,Fringe / Bangs,Charcoal,Gold,Navy,Mint,Deep Brown,0778.png,26421907
620,1110,Common,90.2236,Classic Cut,Auburn,Royal Blue,Maroon,Sand,Porcelain,1110.png,29051015
621,1061,Common,90.2217,Fringe / Bangs,Chestnut,Gold,Moss,Peach,Deep Brown,1061.png,28662984
622,694,Common,90.2129,Fringe / Bangs,Magenta,Lime,Brown,Peach,Porcelain,0694.png,25756711
623,823,Common,90.2026,Fringe / Bangs,Red,Turquoise,Brown,Ice Blue,Tan,0823.png,26778262
624,760,Common,90.1836,Long,Sky Blue,Pure White,Moss,Sage,Deep Brown,0760.png,26279365
625,1035,Common,90.178,Side Part,Yellow,X Black,Deep Purple,Sky,Deep Brown,1035.png,28457090
626,279,Common,90.1658,Spiky,Pine Green,Turquoise,Forest Green,Ice Blue,Light,0279.png,22470326
627,805,Common,90.1564,Spiky,Magenta,Royal Blue,Forest Green,Off White,Medium,0805.png,26635720
628,244,Common,90.1144,Buzz Cut,Chestnut,Bubblegum,Deep Purple,Sage,Fair,0244.png,22193161
629,507,Common,90.0834,Long,Violet,Crimson,Cocoa,Butter,Olive,0507.png,24275858
630,276,Common,90.0341,Fringe / Bangs,Charcoal,Amethyst,Black,Off White,Olive,0276.png,22446569
631,733,Common,90.0307,Long,Green,Aqua,Light Grey,Sage,Brown,0733.png,26065552
632,407,Common,90.0103,Fringe / Bangs,Blond,Raspberry,Light Grey,Mint,Fair,0407.png,23483958
633,450,Common,90.0076,Spiky,Charcoal,Cyan,Teal,White,Brown,0450.png,23824475
634,296,Common,90.0073,Buzz Cut,Charcoal,Hot Pink,Light Grey,Butter,Porcelain,0296.png,22604949
635,554,Common,89.9937,Side Part,Auburn,Turquoise,Espresso,Peach,Olive,0554.png,24648051
636,885,Common,89.9721,Long,White,Ice Blue,Denim Blue,Sage,Deep Brown,0885.png,27269240
637,794,Common,89.9646,Side Part,Yellow,Pure White,Bronze,Sage,Brown,0794.png,26548611
638,235,Common,89.9623,Side Part,Green,Raspberry,Moss,Off White,Porcelain,0235.png,22121890
639,397,Common,89.9544,Side Part,Auburn,Raspberry,Maroon,White,Medium,0397.png,23404768
640,883,Common,89.9529,Spiky,Pink,Amethyst,Brown,White,Deep Brown,0883.png,27253402
641,817,Common,89.9485,Side Part,White,Cyan,Denim Blue,Lavender,Porcelain,0817.png,26730748
642,547,Common,89.9434,Side Part,Dark Brown,Royal Blue,Navy,Ivory,Tan,0547.png,24592618
643,158,Common,89.9394,Buzz Cut,Yellow,Bubblegum,Cocoa,Peach,Fair,0158.png,21512127
644,525,Common,89.9315,Buzz Cut,Coral,Turquoise,Maroon,Ivory,Light,0525.png,24418400
645,540,Common,89.9226,Side Part,Sky Blue,X Black,Espresso,Butter,Olive,0540.png,24537185
646,1039,Common,89.9155,Spiky,Orange,Royal Blue,Plum,White,Fair,1039.png,28488766
647,443,Common,89.8948,Classic Cut,Pine Green,Aqua,Espresso,Lavender,Brown,0443.png,23769042
648,738,Common,89.8907,Spiky,Sky Blue,X Black,Steel Grey,Sky,Fair,0738.png,26105147
649,371,Common,89.8861,Long,Coral,Cyan,Steel Grey,Cream,Olive,0371.png,23198874
650,146,Common,89.8853,Spiky,Auburn,Cyan,Midnight Navy,Mint,Porcelain,0146.png,21417099
651,357,Common,89.8391,Long,Red,Periwinkle,Steel Grey,Peach,Deep Brown,0357.png,23088008
652,1066,Common,89.8362,Long,Coral,Amethyst,Bronze,Pale Blue,Deep Brown,1066.png,28702579
653,576,Common,89.7704,Long,Yellow,Turquoise,Deep Purple,Cream,Light,0576.png,24822269
654,405,Common,89.758,Fringe / Bangs,Auburn,Aqua,Gold,Mint,Medium,0405.png,23468120
655,731,Common,89.7461,Buzz Cut,Pink,Periwinkle,Plum,Cream,Brown,0731.png,26049714
656,693,Common,89.7384,Buzz Cut,Magenta,Raspberry,Navy,Sky,Medium,0693.png,25748792
657,855,Common,89.7152,Classic Cut,Violet,Periwinkle,Slate Grey,Pale Blue,Tan,0855.png,27031670
658,69,Common,89.7089,Long,Sandy,Tangerine,Black,Sky,Tan,0069.png,20807336
659,1012,Common,89.6583,Long,White,Raspberry,Cocoa,Cream,Deep Brown,1012.png,28274953
660,979,Common,89.6325,Classic Cut,Magenta,X Blue,Plum,Off White,Light,0979.png,28013626
661,267,Common,89.5784,Spiky,Jet Black,Lime,Steel Grey,Blush,Light,0267.png,22375298
662,696,Common,89.5753,Fringe / Bangs,Yellow,Hot Pink,Midnight Navy,Sky,Tan,0696.png,25772549
663,753,Common,89.566,Classic Cut,Sandy,Periwinkle,Teal,Pale Blue,Fair,0753.png,26223932
664,197,Common,89.5348,Classic Cut,Magenta,Turquoise,Cocoa,Pale Blue,Deep Brown,0197.png,21820968
665,377,Common,89.5303,Classic Cut,Yellow,Ice Blue,Gold,Ice Blue,Fair,0377.png,23246388
666,320,Common,89.5011,Fringe / Bangs,Blond,Gold,Deep Purple,Lavender,Fair,0320.png,22795005
667,1010,Common,89.4947,Spiky,Red,Hot Pink,Espresso,Peach,Tan,1010.png,28259115
668,837,Common,89.4925,Fringe / Bangs,Blue,Periwinkle,Cocoa,Butter,Olive,0837.png,26889128
669,640,Common,89.4923,Classic Cut,Purple,Lime,Midnight Navy,Lavender,Olive,0640.png,25329085
670,902,Common,89.4864,Fringe / Bangs,Sky Blue,Amethyst,Steel Grey,Peach,Tan,0902.png,27403863
671,526,Common,89.4845,Long,Purple,Gold,Gold,Sage,Deep Brown,0526.png,24426319
672,457,Common,89.4593,Long,Blond,Aqua,Navy,White,Medium,0457.png,23879908
673,228,Common,89.4436,Long,Blond,Gold,Espresso,Rose,Brown,0228.png,22066457
674,1105,Common,89.4312,Long,Sandy,Ice Blue,Slate Grey,Mint,Light,1105.png,29011420
675,206,Common,89.4202,Buzz Cut,Pink,Aqua,Moss,Off White,Medium,0206.png,21892239
676,337,Common,89.4116,Classic Cut,Yellow,Emerald,Slate Grey,Sky,Porcelain,0337.png,22929628
677,8,Common,89.4097,Fringe / Bangs,Auburn,Hot Pink,Brown,Peach,Tan,0008.png,20324277
678,413,Common,89.4014,Long,Teal,Raspberry,Forest Green,Sky,Brown,0413.png,23531472
679,32,Common,89.3972,Buzz Cut,Sandy,Periwinkle,Maroon,Rose,Tan,0032.png,20514333
680,356,Common,89.3885,Fringe / Bangs,Green,Ice Blue,Teal,Sage,Tan,0356.png,23080089
681,884,Common,89.3884,Buzz Cut,Teal,Ice Blue,Denim Blue,Rose,Medium,0884.png,27261321
682,208,Common,89.3649,Long,Charcoal,Raspberry,Deep Purple,Sage,Deep Brown,0208.png,21908077
683,763,Common,89.3611,Long,Teal,Raspberry,Steel Grey,Mint,Tan,0763.png,26303122
684,679,Common,89.3577,Long,Red,X Blue,Midnight Navy,Blush,Tan,0679.png,25637926
685,511,Common,89.3463,Fringe / Bangs,White,Ice Blue,Navy,Ivory,Medium,0511.png,24307534
686,1050,Common,89.3458,Long,Orange,X Blue,Deep Purple,Sky,Porcelain,1050.png,28575875
687,253,Common,89.3322,Long,Pink,Raspberry,Light Grey,Peach,Medium,0253.png,22264432
688,1044,Common,89.3288,Fringe / Bangs,Teal,Turquoise,Light Grey,Butter,Brown,1044.png,28528361
689,165,Common,89.3225,Long,Pink,X Blue,Deep Purple,Peach,Medium,0165.png,21567560
690,475,Common,89.3158,Fringe / Bangs,Coral,Periwinkle,Slate Grey,Rose,Medium,0475.png,24022450
691,712,Common,89.3079,Classic Cut,Magenta,X Blue,Espresso,Off White,Light,0712.png,25899253
692,569,Common,89.306,Side Part,Green,Raspberry,Steel Grey,Ivory,Medium,0569.png,24766836
693,903,Common,89.282,Fringe / Bangs,Purple,Hot Pink,Light Grey,Butter,Light,0903.png,27411782
694,136,Common,89.2751,Long,Yellow,Hot Pink,Slate Grey,Lavender,Medium,0136.png,21337909
695,4,Common,89.2423,Spiky,Violet,Amethyst,Moss,Ice Blue,Light,0004.png,20292601
696,29,Common,89.2359,Fringe / Bangs,Blond,Gold,Navy,Ice Blue,Olive,0029.png,20490576
697,343,Common,89.2311,Long,Red,Lime,Midnight Navy,Peach,Medium,0343.png,22977142
698,459,Common,89.2251,Classic Cut,Dark Brown,Lime,Brown,Ivory,Olive,0459.png,23895746
699,182,Common,89.2163,Classic Cut,Orange,Bubblegum,Cocoa,Sage,Fair,0182.png,21702183
700,486,Common,89.2156,Spiky,White,Royal Blue,Black,Ice Blue,Light,0486.png,24109559
701,303,Common,89.2075,Spiky,Coral,Aqua,Steel Grey,Sage,Porcelain,0303.png,22660382
702,992,Common,89.1871,Long,Auburn,Tangerine,Cocoa,Sand,Porcelain,0992.png,28116573
703,108,Common,89.175,Spiky,White,X Blue,Black,Sky,Porcelain,0108.png,21116177
704,292,Common,89.1388,Long,Brown,Lime,Navy,Sage,Light,0292.png,22573273
705,588,Common,89.1197,Classic Cut,Violet,Periwinkle,Midnight Navy,Butter,Porcelain,0588.png,24917297
706,1092,Common,89.0948,Fringe / Bangs,Charcoal,Cyan,Light Grey,Lavender,Light,1092.png,28908473
707,471,Common,89.0905,Long,Yellow,Pure White,Cocoa,Sand,Light,0471.png,23990774
708,749,Common,89.0835,Fringe / Bangs,Purple,Gold,Teal,Ivory,Deep Brown,0749.png,26192256
709,392,Common,89.0812,Side Part,Teal,Aqua,Deep Purple,Blush,Light,0392.png,23365173
710,239,Common,89.0781,Long,Sandy,Amethyst,Forest Green,Butter,Porcelain,0239.png,22153566
711,690,Common,89.0773,Classic Cut,Pine Green,Turquoise,Teal,Mint,Medium,0690.png,25725035
712,1031,Common,89.0762,Classic Cut,Pink,Periwinkle,Brown,Sand,Porcelain,1031.png,28425414
713,467,Common,89.0761,Long,Violet,Cyan,Slate Grey,Sand,Deep Brown,0467.png,23959098
714,277,Common,89.0599,Fringe / Bangs,Red,Ice Blue,Espresso,Butter,Olive,0277.png,22454488
715,504,Common,89.0505,Long,Dark Brown,Lime,Gold,Off White,Deep Brown,0504.png,24252101
716,200,Common,89.0386,Buzz Cut,Blond,Emerald,Gold,Ivory,Porcelain,0200.png,21844725
717,444,Common,89.0322,Long,Pink,Ice Blue,Deep Purple,Peach,Tan,0444.png,23776961
718,996,Common,89.0267,Side Part,Sandy,Emerald,Espresso,Ice Blue,Fair,0996.png,28148249
719,73,Common,88.963,Side Part,Magenta,X Blue,Cocoa,Peach,Deep Brown,0073.png,20839012
720,149,Common,88.9479,Buzz Cut,Sandy,Ice Blue,Navy,Peach,Medium,0149.png,21440856
721,947,Common,88.9248,Buzz Cut,Blue,Emerald,Cocoa,Ivory,Deep Brown,0947.png,27760218
722,423,Common,88.9132,Classic Cut,Pink,X Black,Denim Blue,Off White,Deep Brown,0423.png,23610662
723,762,Common,88.8976,Fringe / Bangs,Red,X Blue,Steel Grey,Lavender,Olive,0762.png,26295203
724,907,Common,88.8878,Long,Charcoal,X Blue,Light Grey,Sky,Light,0907.png,27443458
725,807,Common,88.8829,Side Part,Red,X Black,Black,Blush,Fair,0807.png,26651558
726,1085,Common,88.8765,Side Part,Purple,X Blue,Black,Rose,Light,1085.png,28853040
727,1037,Common,88.8694,Classic Cut,Pine Green,Periwinkle,Maroon,Sage,Light,1037.png,28472928
728,513,Common,88.8683,Buzz Cut,Chestnut,Hot Pink,Denim Blue,Peach,Fair,0513.png,24323372
729,211,Common,88.857,Side Part,Green,Amethyst,Black,Off White,Brown,0211.png,21931834
730,726,Common,88.8445,Long,Yellow,Turquoise,Black,Cream,Medium,0726.png,26010119
731,580,Common,88.8113,Spiky,Charcoal,Raspberry,Navy,Ivory,Olive,0580.png,24853945
732,1065,Common,88.8074,Classic Cut,Sandy,X Black,Gold,Ivory,Medium,1065.png,28694660
733,758,Common,88.7789,Long,Pine Green,Aqua,Deep Purple,Rose,Tan,0758.png,26263527
734,663,Common,88.759,Classic Cut,Teal,Periwinkle,Forest Green,Rose,Porcelain,0663.png,25511222
735,532,Common,88.758,Classic Cut,Sandy,Amethyst,Black,Pale Blue,Light,0532.png,24473833
736,229,Common,88.7426,Long,Coral,Ice Blue,Teal,Butter,Brown,0229.png,22074376
737,364,Common,88.702,Classic Cut,Red,Periwinkle,Gold,Sand,Medium,0364.png,23143441
738,382,Common,88.6963,Buzz Cut,Pine Green,Emerald,Steel Grey,Sage,Fair,0382.png,23285983
739,166,Common,88.6842,Classic Cut,Orange,Royal Blue,Light Grey,Rose,Porcelain,0166.png,21575479
740,790,Common,88.6835,Classic Cut,Yellow,Turquoise,Bronze,Pale Blue,Brown,0790.png,26516935
741,1004,Common,88.6748,Buzz Cut,Red,Royal Blue,Moss,Sand,Porcelain,1004.png,28211601
742,816,Common,88.6729,Long,Yellow,Cyan,Slate Grey,Lavender,Brown,0816.png,26722829
743,928,Common,88.6711,Classic Cut,Purple,Emerald,Light Grey,Sky,Tan,0928.png,27609757
744,906,Common,88.6404,Side Part,Magenta,X Blue,Navy,Blush,Deep Brown,0906.png,27435539
745,950,Common,88.6295,Fringe / Bangs,Chestnut,Periwinkle,Maroon,Sky,Tan,0950.png,27783975
746,89,Common,88.59,Classic Cut,Chestnut,Hot Pink,Midnight Navy,Sage,Light,0089.png,20965716
747,734,Common,88.5732,Long,Sandy,Emerald,Moss,Lavender,Fair,0734.png,26073471
748,638,Common,88.5627,Buzz Cut,Pine Green,Cyan,Espresso,Sand,Medium,0638.png,25313247
749,577,Common,88.5202,Side Part,Green,Royal Blue,Plum,Sky,Deep Brown,0577.png,24830188
750,336,Common,88.491,Classic Cut,White,Turquoise,Cocoa,Sand,Brown,0336.png,22921709
751,828,Common,88.4822,Classic Cut,Pink,X Black,Black,Mint,Tan,0828.png,26817857
752,943,Common,88.4791,Side Part,Blond,Cyan,Deep Purple,Mint,Deep Brown,0943.png,27728542
753,122,Common,88.4694,Buzz Cut,Pine Green,X Black,Bronze,Sky,Light,0122.png,21227043
754,1087,Common,88.4668,Classic Cut,Charcoal,Periwinkle,Deep Purple,Off White,Fair,1087.png,28868878
755,521,Common,88.459,Classic Cut,Auburn,Cyan,Teal,Pale Blue,Porcelain,0521.png,24386724
756,978,Common,88.4516,Fringe / Bangs,Teal,Ice Blue,Steel Grey,Ivory,Deep Brown,0978.png,28005707
757,258,Common,88.4253,Fringe / Bangs,Orange,Ice Blue,Bronze,Sage,Brown,0258.png,22304027
758,434,Common,88.3904,Side Part,Green,Raspberry,Light Grey,Off White,Porcelain,0434.png,23697771
759,841,Common,88.3903,Classic Cut,Pink,Cyan,Plum,Sand,Fair,0841.png,26920804
760,172,Common,88.371,Side Part,Coral,Gold,Teal,Butter,Medium,0172.png,21622993
761,61,Common,88.3303,Spiky,Pine Green,X Black,Bronze,Blush,Medium,0061.png,20743984
762,586,Common,88.3218,Long,Orange,Hot Pink,Espresso,Ivory,Brown,0586.png,24901459
763,549,Common,88.2954,Long,Blond,Raspberry,Bronze,Butter,Fair,0549.png,24608456
764,518,Common,88.2853,Classic Cut,Red,Gold,Plum,Sand,Tan,0518.png,24362967
765,926,Common,88.2844,Classic Cut,Magenta,Aqua,Cocoa,Rose,Brown,0926.png,27593919
766,1107,Common,88.2709,Classic Cut,Coral,X Blue,Deep Purple,Peach,Tan,1107.png,29027258
767,55,Common,88.2616,Classic Cut,Pink,Gold,Denim Blue,Pale Blue,Tan,0055.png,20696470
768,155,Common,88.2489,Classic Cut,Pine Green,Gold,Forest Green,Lavender,Brown,0155.png,21488370
769,858,Common,88.2345,Buzz Cut,Auburn,X Black,Espresso,Ivory,Deep Brown,0858.png,27055427
770,1002,Common,88.2337,Fringe / Bangs,Red,Gold,Steel Grey,Butter,Light,1002.png,28195763
771,736,Common,88.2057,Side Part,Coral,Emerald,Navy,Sand,Tan,0736.png,26089309
772,872,Common,88.1991,Side Part,Sandy,X Blue,Slate Grey,Sage,Olive,0872.png,27166293
773,955,Common,88.1956,Side Part,Blond,Ice Blue,Navy,White,Medium,0955.png,27823570
774,652,Common,88.1952,Spiky,Purple,Hot Pink,Teal,Ivory,Tan,0652.png,25424113
775,330,Common,88.1846,Long,Charcoal,Periwinkle,Navy,Rose,Tan,0330.png,22874195
776,245,Common,88.1568,Side Part,Coral,Emerald,Denim Blue,Mint,Olive,0245.png,22201080
777,470,Common,88.1332,Buzz Cut,Teal,Hot Pink,Denim Blue,Butter,Deep Brown,0470.png,23982855
778,930,Common,88.1199,Long,Sky Blue,X Black,Denim Blue,Mint,Porcelain,0930.png,27625595
779,766,Common,88.0909,Spiky,Pink,Amethyst,Plum,Ivory,Fair,0766.png,26326879
780,168,Common,88.0872,Side Part,Auburn,X Black,Navy,Off White,Brown,0168.png,21591317
781,216,Common,88.0746,Classic Cut,Sky Blue,Gold,Steel Grey,Peach,Olive,0216.png,21971429
782,719,Common,88.066,Classic Cut,Yellow,Periwinkle,Midnight Navy,Ivory,Deep Brown,0719.png,25954686
783,915,Common,88.001,Fringe / Bangs,Coral,Cyan,Navy,Peach,Medium,0915.png,27506810
784,496,Common,87.9956,Long,Dark Brown,Lime,Espresso,Off White,Light,0496.png,24188749
785,1042,Common,87.9813,Classic Cut,Yellow,X Blue,Teal,Mint,Brown,1042.png,28512523
786,188,Common,87.9753,Buzz Cut,Auburn,Gold,Moss,Ice Blue,Fair,0188.png,21749697
787,180,Common,87.9234,Spiky,Sandy,Emerald,Gold,Sky,Olive,0180.png,21686345
788,275,Common,87.9223,Classic Cut,Pink,Aqua,Denim Blue,Butter,Tan,0275.png,22438650
789,791,Common,87.8989,Spiky,Coral,X Blue,Steel Grey,Butter,Tan,0791.png,26524854
790,266,Common,87.8791,Side Part,Red,Cyan,Moss,Lavender,Olive,0266.png,22367379
791,219,Common,87.8783,Spiky,Dark Brown,Lime,Teal,Ivory,Tan,0219.png,21995186
792,968,Common,87.8684,Classic Cut,Coral,Ice Blue,Plum,Butter,Light,0968.png,27926517
793,403,Common,87.8429,Buzz Cut,Purple,Emerald,Black,Ivory,Olive,0403.png,23452282
794,665,Common,87.8263,Buzz Cut,Chestnut,Ice Blue,Espresso,Butter,Porcelain,0665.png,25527060
795,416,Common,87.8212,Long,Sky Blue,Hot Pink,Slate Grey,Ice Blue,Olive,0416.png,23555229
796,852,Common,87.8091,Spiky,Pine Green,Emerald,Bronze,Ice Blue,Olive,0852.png,27007913
797,432,Common,87.8061,Buzz Cut,Yellow,Raspberry,Steel Grey,Off White,Fair,0432.png,23681933
798,234,Common,87.7786,Buzz Cut,Coral,Hot Pink,Gold,Lavender,Medium,0234.png,22113971
799,24,Common,87.7221,Long,White,Periwinkle,Black,Sky,Medium,0024.png,20450981
800,993,Common,87.707,Classic Cut,Pink,Amethyst,Steel Grey,Sage,Porcelain,0993.png,28124492
801,130,Common,87.7,Spiky,Sky Blue,Bubblegum,Moss,Ivory,Tan,0130.png,21290395
802,1103,Common,87.6648,Fringe / Bangs,Purple,Lime,Brown,Ice Blue,Porcelain,1103.png,28995582
803,514,Common,87.6619,Spiky,Sandy,Gold,Gold,Butter,Deep Brown,0514.png,24331291
804,351,Common,87.6326,Spiky,Blond,Lime,Slate Grey,Mint,Olive,0351.png,23040494
805,608,Common,87.6322,Long,Blond,Turquoise,Light Grey,Blush,Olive,0608.png,25075677
806,723,Common,87.6283,Spiky,Pine Green,Turquoise,Black,Rose,Fair,0723.png,25986362
807,40,Common,87.6198,Side Part,Teal,Royal Blue,Teal,Sky,Porcelain,0040.png,20577685
808,223,Common,87.6117,Side Part,Pink,Ice Blue,Teal,Sage,Medium,0223.png,22026862
809,497,Common,87.5686,Buzz Cut,Orange,Emerald,Cocoa,Rose,Olive,0497.png,24196668
810,869,Common,87.543,Long,Sandy,Gold,Teal,Butter,Fair,0869.png,27142536
811,1005,Common,87.5185,Side Part,Violet,Aqua,Plum,Ivory,Fair,1005.png,28219520
812,948,Common,87.5129,Side Part,Sky Blue,X Black,Cocoa,Pale Blue,Medium,0948.png,27768137
813,76,Common,87.5081,Spiky,Pink,Turquoise,Navy,Butter,Deep Brown,0076.png,20862769
814,570,Common,87.4911,Long,Red,Turquoise,Steel Grey,Sage,Deep Brown,0570.png,24774755
815,881,Common,87.4708,Classic Cut,Coral,Periwinkle,Steel Grey,Ice Blue,Olive,0881.png,27237564
816,724,Common,87.4411,Buzz Cut,Teal,Lime,Maroon,Lavender,Tan,0724.png,25994281
817,573,Common,87.4297,Side Part,Green,Ice Blue,Bronze,Sage,Brown,0573.png,24798512
818,923,Common,87.4268,Spiky,Yellow,Royal Blue,Gold,Rose,Medium,0923.png,27570162
819,316,Common,87.4136,Fringe / Bangs,Blond,Royal Blue,Espresso,Off White,Olive,0316.png,22763329
820,66,Common,87.4097,Fringe / Bangs,Teal,Raspberry,Plum,Blush,Tan,0066.png,20783579
821,605,Common,87.4036,Classic Cut,Auburn,Cyan,Midnight Navy,Ivory,Fair,0605.png,25051920
822,787,Common,87.4003,Fringe / Bangs,Teal,Royal Blue,Moss,White,Brown,0787.png,26493178
823,257,Common,87.3954,Buzz Cut,Teal,Turquoise,Light Grey,Blush,Medium,0257.png,22296108
824,921,Common,87.3917,Buzz Cut,Violet,Gold,Forest Green,Mint,Deep Brown,0921.png,27554324
825,746,Common,87.3528,Buzz Cut,Auburn,Periwinkle,Midnight Navy,Sage,Tan,0746.png,26168499
826,587,Common,87.3459,Long,Sandy,Periwinkle,Steel Grey,Sand,Porcelain,0587.png,24909378
827,822,Common,87.3407,Side Part,Magenta,Lime,Light Grey,Sand,Fair,0822.png,26770343
828,1038,Common,87.3247,Buzz Cut,Yellow,Hot Pink,Gold,Lavender,Light,1038.png,28480847
829,827,Common,87.3202,Classic Cut,Purple,Hot Pink,Navy,Sky,Light,0827.png,26809938
830,485,Common,87.3053,Classic Cut,Teal,Bubblegum,Cocoa,Sky,Olive,0485.png,24101640
831,473,Common,87.2972,Classic Cut,Chestnut,Hot Pink,Gold,Lavender,Fair,0473.png,24006612
832,116,Common,87.2875,Classic Cut,Violet,Turquoise,Espresso,Sand,Tan,0116.png,21179529
833,849,Common,87.2874,Long,Red,Tangerine,Cocoa,White,Tan,0849.png,26984156
834,56,Common,87.2743,Buzz Cut,Sandy,Hot Pink,Slate Grey,White,Porcelain,0056.png,20704389
835,963,Common,87.2596,Fringe / Bangs,Green,Cyan,Bronze,Rose,Deep Brown,0963.png,27886922
836,39,Common,87.2591,Long,Violet,Bubblegum,Black,White,Brown,0039.png,20569766
837,398,Common,87.2527,Side Part,Sandy,Emerald,Steel Grey,Off White,Brown,0398.png,23412687
838,408,Common,87.2452,Buzz Cut,Yellow,Turquoise,Forest Green,Blush,Porcelain,0408.png,23491877
839,876,Common,87.2169,Side Part,Sandy,Amethyst,Steel Grey,Blush,Porcelain,0876.png,27197969
840,944,Common,87.2162,Buzz Cut,Green,Cyan,Navy,Sky,Medium,0944.png,27736461
841,90,Common,87.2052,Long,Purple,Hot Pink,Deep Purple,Blush,Light,0090.png,20973635
842,917,Common,87.1693,Spiky,White,Amethyst,Cocoa,White,Porcelain,0917.png,27522648
843,888,Common,87.1578,Classic Cut,Pink,Periwinkle,Steel Grey,Lavender,Fair,0888.png,27292997
844,767,Common,87.1424,Spiky,Magenta,Lime,Forest Green,Butter,Light,0767.png,26334798
845,850,Common,87.1372,Fringe / Bangs,Auburn,Turquoise,Brown,Sage,Porcelain,0850.png,26992075
846,241,Common,87.1359,Fringe / Bangs,Yellow,Raspberry,Teal,Sage,Deep Brown,0241.png,22169404
847,1019,Common,87.1238,Long,Sky Blue,Crimson,Cocoa,Off White,Porcelain,1019.png,28330386
848,2,Common,87.1168,Fringe / Bangs,Sky Blue,X Black,Light Grey,Sage,Medium,0002.png,20276763
849,600,Common,87.1016,Classic Cut,Yellow,Hot Pink,Plum,Ice Blue,Light,0600.png,25012325
850,186,Common,87.0963,Side Part,Pink,Ice Blue,Deep Purple,Mint,Tan,0186.png,21733859
851,297,Common,87.0819,Long,Coral,X Blue,Bronze,Sand,Fair,0297.png,22612868
852,900,Common,87.0158,Spiky,Red,Gold,Navy,Mint,Deep Brown,0900.png,27388025
853,879,Common,87.0078,Classic Cut,Coral,X Blue,Forest Green,Off White,Olive,0879.png,27221726
854,654,Common,87.0034,Buzz Cut,Chestnut,X Blue,Moss,Sky,Medium,0654.png,25439951
855,1048,Common,86.9703,Buzz Cut,Pine Green,Emerald,Denim Blue,White,Olive,1048.png,28560037
856,960,Common,86.9623,Classic Cut,Pine Green,Royal Blue,Black,Pale Blue,Light,0960.png,27863165
857,844,Common,86.96,Fringe / Bangs,Violet,Cyan,Navy,Pale Blue,Light,0844.png,26944561
858,1003,Common,86.9507,Fringe / Bangs,Auburn,Cyan,Light Grey,Cream,Light,1003.png,28203682
859,469,Common,86.9444,Spiky,Pink,Gold,Espresso,Mint,Tan,0469.png,23974936
860,414,Common,86.9305,Fringe / Bangs,Pine Green,X Blue,Light Grey,Ice Blue,Tan,0414.png,23539391
861,419,Common,86.9282,Long,Sky Blue,Periwinkle,Plum,Cream,Porcelain,0419.png,23578986
862,862,Common,86.923,Classic Cut,Teal,Periwinkle,Denim Blue,Lavender,Medium,0862.png,27087103
863,318,Common,86.9119,Classic Cut,Red,Hot Pink,Brown,Blush,Brown,0318.png,22779167
864,37,Common,86.8962,Side Part,Sky Blue,Bubblegum,Denim Blue,Blush,Light,0037.png,20553928
865,313,Common,86.8916,Classic Cut,Violet,Ice Blue,Plum,Lavender,Deep Brown,0313.png,22739572
866,966,Common,86.8911,Fringe / Bangs,Sandy,Royal Blue,Navy,Peach,Deep Brown,0966.png,27910679
867,529,Common,86.8786,Side Part,Violet,Emerald,Teal,White,Brown,0529.png,24450076
868,148,Common,86.857,Long,Sky Blue,Emerald,Teal,Rose,Brown,0148.png,21432937
869,1098,Common,86.8318,Buzz Cut,Coral,Amethyst,Steel Grey,Ivory,Tan,1098.png,28955987
870,1093,Common,86.8221,Classic Cut,Orange,Cyan,Denim Blue,Off White,Tan,1093.png,28916392
871,98,Common,86.8151,Buzz Cut,Pink,Raspberry,Denim Blue,Ice Blue,Tan,0098.png,21036987
872,440,Common,86.7915,Side Part,Yellow,Hot Pink,Black,Sand,Medium,0440.png,23745285
873,768,Common,86.7837,Long,Chestnut,Emerald,Navy,Lavender,Olive,0768.png,26342717
874,454,Common,86.7628,Buzz Cut,Pine Green,Aqua,Cocoa,Sand,Medium,0454.png,23856151
875,1015,Common,86.7323,Side Part,Pine Green,Ice Blue,Bronze,Rose,Deep Brown,1015.png,28298710
876,309,Common,86.7272,Buzz Cut,Green,Gold,Black,Sage,Medium,0309.png,22707896
877,484,Common,86.7236,Classic Cut,Chestnut,Emerald,Navy,Mint,Medium,0484.png,24093721
878,551,Common,86.6675,Buzz Cut,Green,Royal Blue,Light Grey,Sage,Brown,0551.png,24624294
879,607,Common,86.6646,Classic Cut,Violet,Amethyst,Light Grey,Lavender,Deep Brown,0607.png,25067758
880,708,Common,86.6644,Side Part,Purple,Lime,Plum,Sand,Tan,0708.png,25867577
881,368,Common,86.6515,Classic Cut,Sandy,Ice Blue,Gold,Sky,Deep Brown,0368.png,23175117
882,709,Common,86.6341,Spiky,Sandy,X Blue,Teal,White,Olive,0709.png,25875496
883,765,Common,86.6282,Classic Cut,Auburn,X Blue,Black,Cream,Porcelain,0765.png,26318960
884,997,Common,86.6201,Classic Cut,Blond,Amethyst,Bronze,White,Tan,0997.png,28156168
885,387,Common,86.5947,Spiky,Red,Hot Pink,Steel Grey,Blush,Deep Brown,0387.png,23325578
886,415,Common,86.5907,Buzz Cut,Sandy,Periwinkle,Steel Grey,Mint,Brown,0415.png,23547310
887,899,Common,86.5855,Classic Cut,Yellow,Aqua,Navy,Sage,Porcelain,0899.png,27380106
888,342,Common,86.528,Fringe / Bangs,Coral,Raspberry,Deep Purple,White,Fair,0342.png,22969223
889,117,Common,86.5263,Buzz Cut,Pine Green,Cyan,Light Grey,Lavender,Fair,0117.png,21187448
890,65,Common,86.5145,Fringe / Bangs,Auburn,Amethyst,Steel Grey,Ivory,Brown,0065.png,20775660
891,96,Common,86.5115,Classic Cut,Green,Gold,Bronze,Lavender,Tan,0096.png,21021149
892,941,Common,86.4859,Fringe / Bangs,Pine Green,Raspberry,Cocoa,Cream,Fair,0941.png,27712704
893,535,Common,86.4763,Fringe / Bangs,Blond,Periwinkle,Cocoa,Pale Blue,Porcelain,0535.png,24497590
894,910,Common,86.4356,Classic Cut,Auburn,Amethyst,Plum,Sage,Brown,0910.png,27467215
895,430,Common,86.4329,Fringe / Bangs,Yellow,Turquoise,Plum,White,Tan,0430.png,23666095
896,637,Common,86.4045,Long,Pink,Cyan,Moss,Lavender,Light,0637.png,25305328
897,916,Common,86.3853,Long,Sky Blue,Amethyst,Gold,Sky,Deep Brown,0916.png,27514729
898,464,Common,86.3536,Classic Cut,Red,Ice Blue,Deep Purple,Sky,Porcelain,0464.png,23935341
899,453,Common,86.3534,Side Part,Violet,Periwinkle,Moss,Ice Blue,Light,0453.png,23848232
900,982,Common,86.3301,Classic Cut,Sky Blue,Gold,Brown,Butter,Porcelain,0982.png,28037383
901,619,Common,86.3189,Classic Cut,Sky Blue,Emerald,Teal,Mint,Light,0619.png,25162786
902,41,Common,86.2936,Classic Cut,Pink,Raspberry,Light Grey,Ice Blue,Tan,0041.png,20585604
903,92,Common,86.2777,Classic Cut,Charcoal,Lime,Bronze,Pale Blue,Porcelain,0092.png,20989473
904,830,Common,86.2677,Long,Auburn,Periwinkle,Teal,Ice Blue,Deep Brown,0830.png,26833695
905,160,Common,86.2655,Fringe / Bangs,White,Periwinkle,Bronze,Ivory,Porcelain,0160.png,21527965
906,964,Common,86.2511,Buzz Cut,Violet,Cyan,Steel Grey,Ice Blue,Light,0964.png,27894841
907,676,Common,86.2498,Fringe / Bangs,Teal,Royal Blue,Espresso,Blush,Deep Brown,0676.png,25614169
908,1079,Common,86.2365,Spiky,Pine Green,Hot Pink,Teal,Off White,Tan,1079.png,28805526
909,834,Common,86.1985,Fringe / Bangs,Pine Green,X Blue,Plum,Blush,Light,0834.png,26865371
910,657,Common,86.1386,Spiky,Pine Green,Lime,Steel Grey,Peach,Brown,0657.png,25463708
911,424,Common,86.0986,Long,Sky Blue,Hot Pink,Espresso,Sand,Medium,0424.png,23618581
912,527,Common,86.0699,Fringe / Bangs,Red,Gold,Espresso,Off White,Light,0527.png,24434238
913,988,Common,86.0537,Buzz Cut,Pine Green,Bubblegum,Cocoa,Sky,Porcelain,0988.png,28084897
914,455,Common,86.0251,Long,Charcoal,Lime,Plum,Lavender,Brown,0455.png,23864070
915,567,Common,86.0173,Buzz Cut,Chestnut,Periwinkle,Denim Blue,Ice Blue,Olive,0567.png,24750998
916,1034,Common,85.9559,Buzz Cut,Sky Blue,Raspberry,Light Grey,Ice Blue,Fair,1034.png,28449171
917,49,Common,85.9042,Spiky,Sky Blue,Cyan,Slate Grey,Sky,Porcelain,0049.png,20648956
918,668,Common,85.8811,Spiky,Pink,Gold,Light Grey,White,Fair,0668.png,25550817
919,702,Common,85.8779,Buzz Cut,Coral,Turquoise,Navy,Sky,Porcelain,0702.png,25820063
920,388,Common,85.8584,Spiky,Pink,Ice Blue,Black,Mint,Tan,0388.png,23333497
921,924,Common,85.8472,Buzz Cut,Chestnut,X Blue,Deep Purple,Sky,Olive,0924.png,27578081
922,162,Common,85.8413,Classic Cut,Sandy,Turquoise,Denim Blue,Butter,Light,0162.png,21543803
923,641,Common,85.8381,Fringe / Bangs,Coral,X Blue,Espresso,Sky,Tan,0641.png,25337004
924,801,Common,85.8359,Classic Cut,Sky Blue,Raspberry,Brown,Off White,Olive,0801.png,26604044
925,386,Common,85.8225,Side Part,White,Lime,Gold,Blush,Olive,0386.png,23317659
926,973,Common,85.8092,Long,Chestnut,Periwinkle,Black,Sand,Fair,0973.png,27966112
927,1020,Common,85.8082,Spiky,Pink,Raspberry,Light Grey,Sage,Deep Brown,1020.png,28338305
928,623,Common,85.7977,Spiky,Blond,Cyan,Black,White,Medium,0623.png,25194462
929,776,Common,85.7821,Side Part,Auburn,X Blue,Navy,Ice Blue,Porcelain,0776.png,26406069
930,225,Common,85.774,Long,Red,Gold,Black,Rose,Olive,0225.png,22042700
931,45,Common,85.7394,Spiky,Sandy,Cyan,Forest Green,White,Medium,0045.png,20617280
932,209,Common,85.7171,Side Part,Coral,Royal Blue,Deep Purple,Mint,Porcelain,0209.png,21915996
933,752,Common,85.7018,Long,Sky Blue,Cyan,Navy,Pale Blue,Porcelain,0752.png,26216013
934,530,Common,85.6927,Classic Cut,Magenta,Lime,Plum,Butter,Light,0530.png,24457995
935,550,Common,85.6642,Side Part,Sandy,Ice Blue,Deep Purple,Sage,Olive,0550.png,24616375
936,495,Common,85.6502,Classic Cut,Sandy,Gold,Navy,Ice Blue,Olive,0495.png,24180830
937,133,Common,85.5885,Classic Cut,Green,Lime,Slate Grey,Sage,Medium,0133.png,21314152
938,839,Common,85.5737,Fringe / Bangs,Coral,Amethyst,Black,White,Light,0839.png,26904966
939,845,Common,85.5734,Buzz Cut,Coral,Hot Pink,Teal,White,Tan,0845.png,26952480
940,1014,Common,85.5683,Spiky,Orange,Periwinkle,Cocoa,Rose,Brown,1014.png,28290791
941,30,Common,85.5656,Classic Cut,Red,Periwinkle,Deep Purple,Lavender,Porcelain,0030.png,20498495
942,536,Common,85.5541,Classic Cut,Auburn,Amethyst,Black,Butter,Porcelain,0536.png,24505509
943,618,Common,85.5482,Long,Sandy,Gold,Plum,Sky,Deep Brown,0618.png,25154867
944,50,Common,85.5474,Classic Cut,Red,Emerald,Light Grey,Blush,Porcelain,0050.png,20656875
945,20,Common,85.5417,Buzz Cut,Teal,Raspberry,Black,Blush,Light,0020.png,20419305
946,101,Common,85.5384,Buzz Cut,Red,X Blue,Denim Blue,Blush,Olive,0101.png,21060744
947,509,Common,85.526,Long,Pine Green,Cyan,Moss,Off White,Light,0509.png,24291696
948,420,Common,85.5118,Side Part,Chestnut,Emerald,Black,Sky,Olive,0420.png,23586905
949,123,Common,85.4859,Spiky,Violet,Gold,Light Grey,Mint,Porcelain,0123.png,21234962
950,250,Common,85.4695,Classic Cut,Green,X Blue,Bronze,Ivory,Medium,0250.png,22240675
951,23,Common,85.4606,Fringe / Bangs,Orange,Lime,Deep Purple,Lavender,Deep Brown,0023.png,20443062
952,889,Common,85.4375,Long,Yellow,Turquoise,Denim Blue,White,Porcelain,0889.png,27300916
953,298,Common,85.4323,Buzz Cut,Blue,Lime,Black,Blush,Tan,0298.png,22620787
954,465,Common,85.3898,Fringe / Bangs,Yellow,Royal Blue,Moss,Off White,Porcelain,0465.png,23943260
955,5,Common,85.363,Side Part,Blond,Lime,Slate Grey,Ivory,Fair,0005.png,20300520
956,270,Common,85.3627,Spiky,Orange,Cyan,Cocoa,Lavender,Deep Brown,0270.png,22399055
957,380,Common,85.3551,Classic Cut,Chestnut,Hot Pink,Forest Green,Blush,Brown,0380.png,23270145
958,757,Common,85.2962,Side Part,Pink,Emerald,Light Grey,Ivory,Porcelain,0757.png,26255608
959,650,Common,85.2932,Fringe / Bangs,Sky Blue,Amethyst,Light Grey,Lavender,Tan,0650.png,25408275
960,812,Common,85.2755,Side Part,Coral,Raspberry,Plum,Ivory,Tan,0812.png,26691153
961,651,Common,85.2669,Side Part,Auburn,Raspberry,Black,Mint,Olive,0651.png,25416194
962,202,Common,85.2431,Fringe / Bangs,Chestnut,X Blue,Navy,White,Fair,0202.png,21860563
963,1080,Common,85.2389,Long,Green,Lime,Gold,Butter,Porcelain,1080.png,28813445
964,22,Common,85.2099,Side Part,Brown,Lime,Cocoa,Blush,Light,0022.png,20435143
965,1081,Common,85.2091,Fringe / Bangs,Auburn,Hot Pink,Teal,Sky,Light,1081.png,28821364
966,949,Common,85.1805,Side Part,Chestnut,Gold,Light Grey,Sky,Deep Brown,0949.png,27776056
967,698,Common,85.1455,Fringe / Bangs,Pink,Cyan,Plum,Sage,Porcelain,0698.png,25788387
968,1026,Common,85.1408,Side Part,Red,Hot Pink,Light Grey,Off White,Porcelain,1026.png,28385819
969,207,Common,85.1279,Classic Cut,Sky Blue,Amethyst,Plum,Blush,Medium,0207.png,21900158
970,190,Common,85.1231,Fringe / Bangs,Violet,Aqua,Deep Purple,Ivory,Tan,0190.png,21765535
971,406,Common,85.0975,Buzz Cut,Auburn,Lime,Moss,Cream,Fair,0406.png,23476039
972,909,Common,85.0659,Fringe / Bangs,Violet,Ice Blue,Deep Purple,Sage,Medium,0909.png,27459296
973,109,Common,85.0541,Spiky,Pink,Cyan,Denim Blue,White,Fair,0109.png,21124096
974,1041,Common,85.0044,Spiky,Pine Green,Lime,Brown,Ice Blue,Porcelain,1041.png,28504604
975,788,Common,84.9975,Spiky,Chestnut,X Blue,Navy,Blush,Fair,0788.png,26501097
976,15,Common,84.9941,Side Part,Pine Green,Cyan,Bronze,Mint,Brown,0015.png,20379710
977,221,Common,84.948,Fringe / Bangs,Yellow,Cyan,Deep Purple,Sky,Brown,0221.png,22011024
978,118,Common,84.9299,Buzz Cut,Charcoal,Periwinkle,Cocoa,Rose,Light,0118.png,21195367
979,516,Common,84.8895,Spiky,Coral,Raspberry,Black,White,Deep Brown,0516.png,24347129
980,326,Common,84.8889,Spiky,Auburn,Cyan,Denim Blue,Rose,Deep Brown,0326.png,22842519
981,183,Common,84.8877,Classic Cut,Pink,Royal Blue,Deep Purple,Lavender,Porcelain,0183.png,21710102
982,1074,Common,84.8671,Long,Pine Green,Gold,Light Grey,Blush,Olive,1074.png,28765931
983,1100,Common,84.8575,Fringe / Bangs,Sandy,Cyan,Moss,Off White,Porcelain,1100.png,28971825
984,196,Common,84.8216,Long,Purple,Lime,Plum,Butter,Tan,0196.png,21813049
985,111,Common,84.8122,Long,Chestnut,X Black,Cocoa,Sky,Olive,0111.png,21139934
986,395,Common,84.8031,Classic Cut,Red,Gold,Bronze,Butter,Light,0395.png,23388930
987,622,Common,84.794,Buzz Cut,Chestnut,Ice Blue,Denim Blue,Off White,Tan,0622.png,25186543
988,261,Common,84.7555,Fringe / Bangs,Orange,Raspberry,Cocoa,Blush,Deep Brown,0261.png,22327784
989,63,Common,84.7378,Long,Yellow,Royal Blue,Light Grey,Lavender,Porcelain,0063.png,20759822
990,611,Common,84.6808,Long,Coral,Royal Blue,Steel Grey,Sage,Light,0611.png,25099434
991,959,Common,84.6808,Long,Pink,Royal Blue,Steel Grey,Sage,Light,0959.png,27855246
992,1094,Common,84.6693,Classic Cut,Red,Royal Blue,Moss,White,Tan,1094.png,28924311
993,808,Common,84.6605,Spiky,Sky Blue,Cyan,Plum,Ice Blue,Tan,0808.png,26659477
994,140,Common,84.6577,Buzz Cut,Violet,Turquoise,Gold,Ivory,Tan,0140.png,21369585
995,171,Common,84.6498,Buzz Cut,Yellow,Lime,Midnight Navy,Sage,Light,0171.png,21615074
996,394,Common,84.6453,Fringe / Bangs,Pink,Raspberry,Black,White,Brown,0394.png,23381011
997,804,Common,84.5881,Classic Cut,Auburn,Royal Blue,Moss,Rose,Tan,0804.png,26627801
998,678,Common,84.4922,Fringe / Bangs,Red,Aqua,Cocoa,Mint,Tan,0678.png,25630007
999,295,Common,84.4823,Fringe / Bangs,Yellow,Lime,Teal,Sand,Medium,0295.png,22597030
1000,94,Common,84.4622,Spiky,Yellow,Turquoise,Bronze,Blush,Brown,0094.png,21005311
1001,662,Common,84.4129,Spiky,Red,Cyan,Black,Sky,Olive,0662.png,25503303
1002,329,Common,84.3133,Long,Teal,Lime,Denim Blue,Sand,Medium,0329.png,22866276
1003,1007,Common,84.2858,Long,Coral,Lime,Deep Purple,Cream,Olive,1007.png,28235358
1004,393,Common,84.2103,Spiky,Pine Green,Royal Blue,Light Grey,Sky,Tan,0393.png,23373092
1005,956,Common,84.1986,Classic Cut,Violet,Hot Pink,Forest Green,Blush,Light,0956.png,27831489
1006,609,Common,84.1864,Buzz Cut,Chestnut,Lime,Plum,Sand,Fair,0609.png,25083596
1007,286,Common,84.1677,Buzz Cut,Pine Green,Cyan,Plum,Ivory,Tan,0286.png,22525759
1008,725,Common,84.1609,Buzz Cut,Auburn,Royal Blue,Navy,Rose,Medium,0725.png,26002200
1009,147,Common,84.155,Side Part,Red,Lime,Deep Purple,Cream,Tan,0147.png,21425018
1010,983,Common,84.1378,Spiky,Sky Blue,Periwinkle,Deep Purple,Butter,Deep Brown,0983.png,28045302
1011,6,Common,84.0899,Buzz Cut,Coral,X Blue,Denim Blue,Blush,Tan,0006.png,20308439
1012,523,Common,84.0138,Long,Sky Blue,Emerald,Moss,Ivory,Light,0523.png,24402562
1013,1097,Common,83.9514,Classic Cut,Coral,Periwinkle,Bronze,Butter,Brown,1097.png,28948068
1014,64,Common,83.9393,Fringe / Bangs,Sky Blue,Amethyst,Black,Off White,Olive,0064.png,20767741
1015,820,Common,83.9128,Spiky,Sky Blue,Periwinkle,Teal,Off White,Deep Brown,0820.png,26754505
1016,1084,Common,83.9014,Classic Cut,Coral,Hot Pink,Espresso,Blush,Tan,1084.png,28845121
1017,860,Common,83.8855,Fringe / Bangs,Auburn,Cyan,Espresso,Sage,Deep Brown,0860.png,27071265
1018,775,Common,83.8808,Buzz Cut,Coral,Royal Blue,Navy,Sky,Porcelain,0775.png,26398150
1019,42,Common,83.8771,Classic Cut,Violet,Royal Blue,Navy,Lavender,Fair,0042.png,20593523
1020,321,Common,83.8672,Fringe / Bangs,Auburn,Emerald,Bronze,White,Deep Brown,0321.png,22802924
1021,9,Common,83.7436,Buzz Cut,Magenta,Royal Blue,Cocoa,Off White,Olive,0009.png,20332196
1022,800,Common,83.7167,Buzz Cut,Pink,Periwinkle,Deep Purple,Blush,Light,0800.png,26596125
1023,272,Common,83.7018,Long,Sky Blue,Amethyst,Denim Blue,Ivory,Olive,0272.png,22414893
1024,559,Common,83.6964,Classic Cut,Orange,Gold,Cocoa,Blush,Medium,0559.png,24687646
1025,310,Common,83.6835,Long,Coral,Royal Blue,Denim Blue,Blush,Fair,0310.png,22715815
1026,590,Common,83.682,Classic Cut,Sandy,Cyan,Gold,Blush,Light,0590.png,24933135
1027,764,Common,83.6759,Long,Sky Blue,Hot Pink,Espresso,Off White,Fair,0764.png,26311041
1028,649,Common,83.6686,Long,Violet,Periwinkle,Forest Green,Sage,Tan,0649.png,25400356
1029,912,Common,83.6282,Long,Sky Blue,Gold,Steel Grey,Blush,Brown,0912.png,27483053
1030,102,Common,83.5983,Long,Chestnut,Lime,Deep Purple,Peach,Olive,0102.png,21068663
1031,659,Common,83.5643,Classic Cut,Auburn,Gold,Light Grey,Sky,Porcelain,0659.png,25479546
1032,927,Common,83.5537,Long,Pine Green,Hot Pink,Bronze,Off White,Brown,0927.png,27601838
1033,418,Common,83.5514,Long,Charcoal,Lime,Denim Blue,White,Medium,0418.png,23571067
1034,901,Common,83.5201,Classic Cut,White,Royal Blue,Cocoa,Sage,Medium,0901.png,27395944
1035,361,Common,83.4225,Side Part,Charcoal,Periwinkle,Cocoa,Sky,Tan,0361.png,23119684
1036,1054,Common,83.4221,Long,Coral,Emerald,Cocoa,Lavender,Fair,1054.png,28607551
1037,1021,Common,83.3435,Side Part,Violet,Gold,Navy,Ivory,Fair,1021.png,28346224
1038,1030,Common,83.307,Side Part,Purple,X Blue,Cocoa,Ivory,Porcelain,1030.png,28417495
1039,150,Common,83.2825,Spiky,Teal,Lime,Denim Blue,Mint,Porcelain,0150.png,21448775
1040,793,Common,83.2632,Spiky,Pine Green,Raspberry,Bronze,Ivory,Tan,0793.png,26540692
1041,70,Common,83.244,Fringe / Bangs,Sandy,Lime,Maroon,Ivory,Porcelain,0070.png,20815255
1042,742,Common,83.2367,Buzz Cut,Sky Blue,Raspberry,Navy,Off White,Deep Brown,0742.png,26136823
1043,572,Common,83.2295,Fringe / Bangs,Teal,Lime,Moss,Sage,Medium,0572.png,24790593
1044,798,Common,83.1861,Long,Violet,Ice Blue,Black,Off White,Porcelain,0798.png,26580287
1045,991,Common,83.0296,Long,Auburn,Gold,Light Grey,Sage,Light,0991.png,28108654
1046,468,Common,82.9628,Buzz Cut,Green,Lime,Espresso,Blush,Porcelain,0468.png,23967017
1047,958,Common,82.9389,Long,Violet,Lime,Deep Purple,Cream,Brown,0958.png,27847327
1048,867,Common,82.9287,Side Part,Sky Blue,Hot Pink,Black,Rose,Porcelain,0867.png,27126698
1049,348,Common,82.9141,Fringe / Bangs,Purple,Lime,Light Grey,White,Light,0348.png,23016737
1050,104,Common,82.8881,Buzz Cut,Auburn,Periwinkle,Bronze,Ice Blue,Tan,0104.png,21084501
1051,989,Common,82.8184,Buzz Cut,Auburn,Royal Blue,Bronze,Rose,Porcelain,0989.png,28092816
1052,571,Common,82.7451,Long,Auburn,Hot Pink,Cocoa,Cream,Light,0571.png,24782674
1053,1106,Common,82.6942,Buzz Cut,Violet,Hot Pink,Bronze,Sky,Brown,1106.png,29019339
1054,706,Common,82.6621,Side Part,Yellow,Lime,Forest Green,Butter,Tan,0706.png,25851739
1055,365,Common,82.651,Classic Cut,Violet,Royal Blue,Plum,Ivory,Brown,0365.png,23151360
1056,878,Common,82.5732,Spiky,Green,Periwinkle,Cocoa,Off White,Light,0878.png,27213807
1057,493,Common,82.489,Side Part,Sky Blue,Cyan,Plum,Ivory,Brown,0493.png,24164992
1058,730,Common,82.4146,Buzz Cut,Sky Blue,Hot Pink,Navy,Off White,Medium,0730.png,26041795
1059,582,Common,82.4103,Spiky,Coral,X Blue,Cocoa,Butter,Light,0582.png,24869783
1060,84,Common,82.371,Long,Auburn,Gold,Bronze,Sky,Porcelain,0084.png,20926121
1061,91,Common,82.3677,Side Part,Violet,Lime,Slate Grey,Off White,Brown,0091.png,20981554
1062,236,Common,82.3029,Side Part,Pine Green,Lime,Deep Purple,Rose,Brown,0236.png,22129809
1063,290,Common,82.266,Spiky,Pink,Turquoise,Cocoa,Sky,Deep Brown,0290.png,22557435
1064,715,Common,82.2642,Classic Cut,Auburn,Raspberry,Bronze,Ivory,Fair,0715.png,25923010
1065,859,Common,82.2409,Side Part,Sky Blue,Gold,Navy,Sky,Tan,0859.png,27063346
1066,1032,Common,82.2185,Spiky,Sky Blue,Emerald,Bronze,White,Tan,1032.png,28433333
1067,128,Common,82.1728,Spiky,Red,Lime,Teal,Sky,Light,0128.png,21274557
1068,325,Common,82.1024,Fringe / Bangs,Pine Green,Royal Blue,Cocoa,Mint,Fair,0325.png,22834600
1069,868,Common,82.079,Long,Coral,Cyan,Black,Ivory,Olive,0868.png,27134617
1070,125,Common,82.041,Classic Cut,Sandy,Lime,Bronze,Cream,Fair,0125.png,21250800
1071,940,Common,82.0088,Long,Sandy,Ice Blue,Cocoa,Mint,Brown,0940.png,27704785
1072,544,Common,82.0042,Long,Auburn,Gold,Black,Sky,Tan,0544.png,24568861
1073,215,Common,81.978,Side Part,Sky Blue,Lime,Slate Grey,Rose,Tan,0215.png,21963510
1074,754,Common,81.9123,Long,Violet,Hot Pink,Black,Blush,Olive,0754.png,26231851
1075,810,Common,81.8649,Long,Auburn,Lime,Forest Green,Rose,Brown,0810.png,26675315
1076,1102,Common,81.745,Spiky,Chestnut,Lime,Gold,Sky,Brown,1102.png,28987663
1077,539,Common,81.5669,Classic Cut,Pine Green,Lime,Light Grey,Butter,Olive,0539.png,24529266
1078,138,Common,81.5577,Long,Orange,Lime,Black,White,Tan,0138.png,21353747
1079,176,Common,81.5459,Long,Green,Lime,Denim Blue,White,Tan,0176.png,21654669
1080,524,Common,81.4437,Classic Cut,Teal,Raspberry,Cocoa,Ivory,Porcelain,0524.png,24410481
1081,248,Common,81.401,Fringe / Bangs,Violet,Hot Pink,Bronze,Ivory,Deep Brown,0248.png,22224837
1082,246,Common,81.3958,Side Part,Pink,Periwinkle,Cocoa,Lavender,Medium,0246.png,22208999
1083,251,Common,81.3115,Buzz Cut,Sky Blue,Periwinkle,Navy,Sky,Tan,0251.png,22248594
1084,614,Common,80.9575,Spiky,Sky Blue,Raspberry,Cocoa,Rose,Medium,0614.png,25123191
1085,1018,Common,80.9505,Fringe / Bangs,Pink,Royal Blue,Cocoa,Mint,Porcelain,1018.png,28322467
1086,773,Common,80.9121,Spiky,Pine Green,Hot Pink,Cocoa,White,Porcelain,0773.png,26382312
1087,100,Common,80.8979,Fringe / Bangs,Pine Green,Hot Pink,Cocoa,White,Deep Brown,0100.png,21052825
1088,159,Common,80.8109,Classic Cut,Sky Blue,Cyan,Denim Blue,Ivory,Olive,0159.png,21520046
1089,531,Common,80.6495,Classic Cut,Violet,Lime,Navy,Sand,Porcelain,0531.png,24465914
1090,205,Common,80.6116,Side Part,Violet,Lime,Forest Green,White,Porcelain,0205.png,21884320
1091,376,Common,80.5693,Long,Sandy,Lime,Gold,Off White,Olive,0376.png,23238469
1092,242,Common,80.4661,Long,Sky Blue,Raspberry,Bronze,Ivory,Light,0242.png,22177323
1093,384,Common,80.418,Fringe / Bangs,Red,Lime,Denim Blue,Sage,Olive,0384.png,23301821
1094,741,Common,80.2488,Long,Violet,Ice Blue,Cocoa,Sky,Porcelain,0741.png,26128904
1095,389,Common,80.2009,Buzz Cut,Auburn,Ice Blue,Cocoa,Blush,Olive,0389.png,23341416
1096,445,Common,80.0717,Side Part,Chestnut,Lime,Plum,White,Tan,0445.png,23784880
1097,561,Common,80.0306,Fringe / Bangs,Teal,Lime,Bronze,Sage,Porcelain,0561.png,24703484
1098,961,Common,79.9198,Side Part,Pink,Lime,Cocoa,Cream,Deep Brown,0961.png,27871084
1099,283,Common,79.6824,Spiky,Violet,Lime,Navy,Lavender,Light,0283.png,22502002
1100,946,Common,79.6504,Classic Cut,Coral,Lime,Black,Rose,Porcelain,0946.png,27752299
1101,346,Common,79.6185,Fringe / Bangs,Pine Green,Lime,Navy,Sky,Tan,0346.png,23000899
1102,278,Common,79.0677,Fringe / Bangs,Sandy,Royal Blue,Cocoa,Off White,Olive,0278.png,22462407
1103,799,Common,78.9914,Buzz Cut,Chestnut,Lime,Deep Purple,Blush,Light,0799.png,26588206
1104,969,Common,78.8427,Spiky,Pink,Cyan,Cocoa,Blush,Tan,0969.png,27934436
1105,129,Common,78.8203,Spiky,Sky Blue,Royal Blue,Cocoa,Butter,Light,0129.png,21282476
1106,692,Common,78.5683,Long,Auburn,X Blue,Cocoa,Ivory,Brown,0692.png,25740873
1107,809,Common,78.4044,Side Part,Red,Lime,Bronze,Ivory,Olive,0809.png,26667396
1108,312,Common,78.2702,Buzz Cut,Violet,Periwinkle,Cocoa,Sky,Tan,0312.png,22731653
1109,814,Common,78.0253,Side Part,Auburn,Cyan,Cocoa,Off White,Tan,0814.png,26706991
1110,1104,Common,77.8487,Side Part,Violet,Lime,Black,Blush,Fair,1104.png,29003501
1111,671,Common,77.3325,Long,Sandy,Royal Blue,Cocoa,Ivory,Porcelain,0671.png,25574574
